k,kind,model,cv_score,features,best_params,accuracy,balanced_accuracy,precision
3,top,ExtraTrees,585.0,"['V255', 'V191', 'V176']","{'clf__max_depth': 8, 'clf__min_samples_leaf': 1, 'clf__n_estimators': 323}",0.6103333333333333,0.6098558275330881,0.636925111298559
3,top+1,ExtraTrees,575.0,"['V191', 'V176', 'V380']","{'clf__max_depth': 11, 'clf__min_samples_leaf': 15, 'clf__n_estimators': 251}",0.604,0.6035343665487581,0.6281666666666667
3,top,XGBoost,565.0,"['V255', 'V191', 'V176']","{'clf__colsample_bytree': np.float64(0.9771170310658897), 'clf__learning_rate': np.float64(0.018968367710792175), 'clf__max_depth': 4, 'clf__n_estimators': 267, 'clf__subsample': np.float64(0.6482976441389584)}",0.5943333333333333,0.5940193761427376,0.6082300840921531
3,top,GradientBoosting,565.0,"['V255', 'V191', 'V176']","{'clf__learning_rate': np.float64(0.018707545279571126), 'clf__max_depth': 3, 'clf__n_estimators': 316, 'clf__subsample': np.float64(0.7363207269058605)}",0.6070000000000001,0.606652357834509,0.6249845694889672
3,top+2,ExtraTrees,565.0,"['V176', 'V380', 'V160']","{'clf__max_depth': 5, 'clf__min_samples_leaf': 8, 'clf__n_estimators': 583}",0.6076666666666667,0.6070364411026177,0.6455993858936915
3,top+2,RandomForest,565.0,"['V176', 'V380', 'V160']","{'clf__max_depth': 9, 'clf__min_samples_leaf': 9, 'clf__n_estimators': 295}",0.6166666666666667,0.6163226663383145,0.63663827827818
3,top+1,SVM_RBF,555.0,"['V191', 'V176', 'V380']","{'clf__C': np.float64(4.721229607750618), 'clf__gamma': np.float64(0.06832788177059916)}",0.605,0.6044856676745353,0.6325504345655479
3,top+2,XGBoost,555.0,"['V176', 'V380', 'V160']","{'clf__colsample_bytree': np.float64(0.7648277835860277), 'clf__learning_rate': np.float64(0.01723516600205961), 'clf__max_depth': 3, 'clf__n_estimators': 230, 'clf__subsample': np.float64(0.6904253682679529)}",0.604,0.6035856680484065,0.6251839761841277
3,top,SVM_RBF,550.0,"['V255', 'V191', 'V176']","{'clf__C': np.float64(48.01761562402178), 'clf__gamma': np.float64(0.008644104356930561)}",0.6106666666666666,0.6099232725228554,0.659461972985206
3,top+1,XGBoost,550.0,"['V191', 'V176', 'V380']","{'clf__colsample_bytree': np.float64(0.7648277835860277), 'clf__learning_rate': np.float64(0.01723516600205961), 'clf__max_depth': 3, 'clf__n_estimators': 230, 'clf__subsample': np.float64(0.6904253682679529)}",0.6013333333333333,0.6009815475796422,0.6200324033036516
3,top+2,GradientBoosting,545.0,"['V176', 'V380', 'V160']","{'clf__learning_rate': np.float64(0.012447420336780599), 'clf__max_depth': 2, 'clf__n_estimators': 362, 'clf__subsample': np.float64(0.7694648776168372)}",0.6063333333333333,0.6059090451826793,0.6289935693269026
3,top+2,SVM_RBF,540.0,"['V176', 'V380', 'V160']","{'clf__C': np.float64(0.41924993150460804), 'clf__gamma': np.float64(0.21971482785470117)}",0.6003333333333333,0.5999722776208523,0.61773023101075
3,top+2,LightGBM,540.0,"['V176', 'V380', 'V160']","{'clf__learning_rate': np.float64(0.018968367710792175), 'clf__max_depth': 4, 'clf__n_estimators': 267, 'clf__num_leaves': 35, 'clf__subsample': np.float64(0.664083523552488)}",0.6046666666666666,0.6042570598723945,0.6276808715800987
3,top+1,RandomForest,540.0,"['V191', 'V176', 'V380']","{'clf__max_depth': 4, 'clf__min_samples_leaf': 9, 'clf__n_estimators': 403}",0.5956666666666667,0.5951107588726776,0.6274410870572406
3,top+1,GradientBoosting,535.0,"['V191', 'V176', 'V380']","{'clf__learning_rate': np.float64(0.034607386039615676), 'clf__max_depth': 3, 'clf__n_estimators': 138, 'clf__subsample': np.float64(0.8612364919499478)}",0.594,0.5935747348563135,0.6151135131116715
3,rand_2,RandomForest,535.0,"[np.str_('V176'), np.str_('V416'), np.str_('V224')]","{'clf__max_depth': 5, 'clf__min_samples_leaf': 9, 'clf__n_estimators': 367}",0.5983333333333333,0.5978435155717852,0.6234119039270215
3,rand_2,SVM_RBF,535.0,"[np.str_('V176'), np.str_('V416'), np.str_('V224')]","{'clf__C': np.float64(0.41924993150460804), 'clf__gamma': np.float64(0.21971482785470117)}",0.6043333333333333,0.6039935954523966,0.6217971960753667
3,top,RandomForest,530.0,"['V255', 'V191', 'V176']","{'clf__max_depth': 6, 'clf__min_samples_leaf': 2, 'clf__n_estimators': 238}",0.6033333333333334,0.6029109780529154,0.6267544650159677
3,rand_2,ExtraTrees,530.0,"[np.str_('V176'), np.str_('V416'), np.str_('V224')]","{'clf__max_depth': 9, 'clf__min_samples_leaf': 9, 'clf__n_estimators': 295}",0.6,0.5994929146569209,0.6257756709533338
3,top+1,LightGBM,525.0,"['V191', 'V176', 'V380']","{'clf__learning_rate': np.float64(0.011979639074434058), 'clf__max_depth': 4, 'clf__n_estimators': 415, 'clf__num_leaves': 61, 'clf__subsample': np.float64(0.8714226754962524)}",0.5906666666666666,0.5902820230131942,0.6087969938798669
3,rand_2,GradientBoosting,520.0,"[np.str_('V176'), np.str_('V416'), np.str_('V224')]","{'clf__learning_rate': np.float64(0.012447420336780599), 'clf__max_depth': 2, 'clf__n_estimators': 362, 'clf__subsample': np.float64(0.7694648776168372)}",0.602,0.6015822430981298,0.6243899140830834
3,top,LightGBM,490.0,"['V255', 'V191', 'V176']","{'clf__learning_rate': np.float64(0.01659816376671886), 'clf__max_depth': 5, 'clf__n_estimators': 402, 'clf__num_leaves': 28, 'clf__subsample': np.float64(0.8698475964977794)}",0.5883333333333334,0.5880332605641755,0.6008191701294474
3,rand_2,XGBoost,470.0,"[np.str_('V176'), np.str_('V416'), np.str_('V224')]","{'clf__colsample_bytree': np.float64(0.9771170310658897), 'clf__learning_rate': np.float64(0.018968367710792175), 'clf__max_depth': 4, 'clf__n_estimators': 267, 'clf__subsample': np.float64(0.6482976441389584)}",0.604,0.6036723098337294,0.6193038407491572
4,top+1,XGBoost,455.0,"['V191', 'V176', 'V380', 'V160']","{'clf__colsample_bytree': np.float64(0.7648277835860277), 'clf__learning_rate': np.float64(0.01723516600205961), 'clf__max_depth': 3, 'clf__n_estimators': 230, 'clf__subsample': np.float64(0.6904253682679529)}",0.6276666666666667,0.6272988007549819,0.649970415029674
3,rand_2,LightGBM,450.0,"[np.str_('V176'), np.str_('V416'), np.str_('V224')]","{'clf__learning_rate': np.float64(0.018968367710792175), 'clf__max_depth': 4, 'clf__n_estimators': 267, 'clf__num_leaves': 35, 'clf__subsample': np.float64(0.664083523552488)}",0.6063333333333333,0.6059357530781412,0.6280549742270262
4,top,GradientBoosting,430.0,"['V255', 'V191', 'V176', 'V380']","{'clf__learning_rate': np.float64(0.05501111167975336), 'clf__max_depth': 3, 'clf__n_estimators': 147, 'clf__subsample': np.float64(0.6281833256741867)}",0.6156666666666667,0.6154159987387882,0.6281124089475203
4,top,XGBoost,430.0,"['V255', 'V191', 'V176', 'V380']","{'clf__colsample_bytree': np.float64(0.7694648776168372), 'clf__learning_rate': np.float64(0.018707545279571126), 'clf__max_depth': 4, 'clf__n_estimators': 416, 'clf__subsample': np.float64(0.7363207269058605)}",0.6166666666666666,0.6164405154050646,0.6286110710874171
4,top,ExtraTrees,425.0,"['V255', 'V191', 'V176', 'V380']","{'clf__max_depth': 8, 'clf__min_samples_leaf': 1, 'clf__n_estimators': 323}",0.6183333333333333,0.6178567086036286,0.6464459428430523
4,top+1,RandomForest,425.0,"['V191', 'V176', 'V380', 'V160']","{'clf__max_depth': 8, 'clf__min_samples_leaf': 7, 'clf__n_estimators': 234}",0.628,0.6276001659777999,0.6545588576499816
4,top+1,LightGBM,420.0,"['V191', 'V176', 'V380', 'V160']","{'clf__learning_rate': np.float64(0.018968367710792175), 'clf__max_depth': 4, 'clf__n_estimators': 267, 'clf__num_leaves': 35, 'clf__subsample': np.float64(0.664083523552488)}",0.629,0.628638822755354,0.652396280537301
4,top,SVM_RBF,415.0,"['V255', 'V191', 'V176', 'V380']","{'clf__C': np.float64(1.7438087066223789), 'clf__gamma': np.float64(0.009469755543803379)}",0.6186666666666666,0.617907373120821,0.6722000508305629
4,top+1,GradientBoosting,415.0,"['V191', 'V176', 'V380', 'V160']","{'clf__learning_rate': np.float64(0.034607386039615676), 'clf__max_depth': 3, 'clf__n_estimators': 138, 'clf__subsample': np.float64(0.8612364919499478)}",0.6206666666666667,0.6203173561185488,0.6405524161691144
4,top+1,SVM_RBF,415.0,"['V191', 'V176', 'V380', 'V160']","{'clf__C': np.float64(0.41924993150460804), 'clf__gamma': np.float64(0.21971482785470117)}",0.6243333333333333,0.6239300728417374,0.6479943557553489
4,top,RandomForest,410.0,"['V255', 'V191', 'V176', 'V380']","{'clf__max_depth': 5, 'clf__min_samples_leaf': 8, 'clf__n_estimators': 583}",0.6143333333333333,0.6138892394548514,0.6408234188671945
4,top,LightGBM,400.0,"['V255', 'V191', 'V176', 'V380']","{'clf__learning_rate': np.float64(0.05501111167975336), 'clf__max_depth': 4, 'clf__n_estimators': 247, 'clf__num_leaves': 27, 'clf__subsample': np.float64(0.9394734067154433)}",0.6056666666666667,0.6054369860545431,0.6164216167016004
4,top+1,ExtraTrees,395.0,"['V191', 'V176', 'V380', 'V160']","{'clf__max_depth': 8, 'clf__min_samples_leaf': 1, 'clf__n_estimators': 323}",0.6223333333333333,0.6217753840738293,0.6590437006023003
3,top,LogRegl1,395.0,"['V255', 'V191', 'V176']",{'clf__C': np.float64(2.197148278547012)},0.5646666666666667,0.5646228535831636,0.5636498962737738
3,top,LogRegl2,395.0,"['V255', 'V191', 'V176']",{'clf__C': np.float64(0.041924993150460804)},0.5656666666666667,0.5656175494187742,0.5647998206389283
3,top+1,LogRegl1,395.0,"['V191', 'V176', 'V380']",{'clf__C': np.float64(0.09469755543803382)},0.5586666666666666,0.5586212514446426,0.5581806540032207
3,rand_1,GradientBoosting,390.0,"[np.str_('V160'), np.str_('V175'), np.str_('V212')]","{'clf__learning_rate': np.float64(0.01723516600205961), 'clf__max_depth': 2, 'clf__n_estimators': 130, 'clf__subsample': np.float64(0.6904253682679529)}",0.5866666666666666,0.5862245157691547,0.604195711213393
4,top+2,XGBoost,375.0,"['V176', 'V380', 'V160', 'V416']","{'clf__colsample_bytree': np.float64(0.9771170310658897), 'clf__learning_rate': np.float64(0.018968367710792175), 'clf__max_depth': 4, 'clf__n_estimators': 267, 'clf__subsample': np.float64(0.6482976441389584)}",0.6056666666666667,0.6053263564191992,0.6223529417980863
3,rand_1,RandomForest,375.0,"[np.str_('V160'), np.str_('V175'), np.str_('V212')]","{'clf__max_depth': 5, 'clf__min_samples_leaf': 11, 'clf__n_estimators': 385}",0.5776666666666667,0.5773389754381756,0.5895162891719152
3,top+1,LogRegl2,370.0,"['V191', 'V176', 'V380']",{'clf__C': np.float64(0.041924993150460804)},0.556,0.5559518754012927,0.5554092585081883
3,rand_2,LogRegl2,365.0,"[np.str_('V176'), np.str_('V416'), np.str_('V224')]",{'clf__C': np.float64(0.01305676922327696)},0.5613333333333334,0.5612320259127445,0.5624118627137296
4,top+2,ExtraTrees,365.0,"['V176', 'V380', 'V160', 'V416']","{'clf__max_depth': 6, 'clf__min_samples_leaf': 2, 'clf__n_estimators': 238}",0.6083333333333333,0.6077010185989313,0.6480562077687666
3,rand_2,LogRegl1,360.0,"[np.str_('V176'), np.str_('V416'), np.str_('V224')]",{'clf__C': np.float64(0.041924993150460804)},0.561,0.5609106875980038,0.5617054711528956
4,top+2,SVM_RBF,360.0,"['V176', 'V380', 'V160', 'V416']","{'clf__C': np.float64(4.721229607750618), 'clf__gamma': np.float64(0.06832788177059916)}",0.6046666666666666,0.6041943370268429,0.6295847473724042
3,rand_1,XGBoost,360.0,"[np.str_('V160'), np.str_('V175'), np.str_('V212')]","{'clf__colsample_bytree': np.float64(0.7648277835860277), 'clf__learning_rate': np.float64(0.01723516600205961), 'clf__max_depth': 3, 'clf__n_estimators': 230, 'clf__subsample': np.float64(0.6904253682679529)}",0.589,0.5886492554862233,0.6026353770571152
3,rand_1,SVM_RBF,345.0,"[np.str_('V160'), np.str_('V175'), np.str_('V212')]","{'clf__C': np.float64(0.41924993150460804), 'clf__gamma': np.float64(0.21971482785470117)}",0.581,0.5803177932363186,0.6124368686868688
4,top+2,GradientBoosting,345.0,"['V176', 'V380', 'V160', 'V416']","{'clf__learning_rate': np.float64(0.012447420336780599), 'clf__max_depth': 2, 'clf__n_estimators': 362, 'clf__subsample': np.float64(0.7694648776168372)}",0.6063333333333333,0.6059090451826793,0.6289935693269026
4,top+2,LightGBM,340.0,"['V176', 'V380', 'V160', 'V416']","{'clf__learning_rate': np.float64(0.018968367710792175), 'clf__max_depth': 4, 'clf__n_estimators': 267, 'clf__num_leaves': 35, 'clf__subsample': np.float64(0.664083523552488)}",0.6046666666666666,0.6042570598723945,0.6276808715800987
3,rand_1,ExtraTrees,330.0,"[np.str_('V160'), np.str_('V175'), np.str_('V212')]","{'clf__max_depth': 4, 'clf__min_samples_leaf': 9, 'clf__n_estimators': 403}",0.5786666666666667,0.5779737946937445,0.6084054416181828
4,top+2,RandomForest,320.0,"['V176', 'V380', 'V160', 'V416']","{'clf__max_depth': 4, 'clf__min_samples_leaf': 9, 'clf__n_estimators': 403}",0.6073333333333334,0.6066803962044881,0.6502696134275082
3,rand_0,SVM_RBF,315.0,"[np.str_('V160'), np.str_('V416'), np.str_('V377')]","{'clf__C': np.float64(4.721229607750618), 'clf__gamma': np.float64(0.06832788177059916)}",0.5613333333333334,0.5603420518212711,0.6096700984200983
3,rand_0,ExtraTrees,315.0,"[np.str_('V160'), np.str_('V416'), np.str_('V377')]","{'clf__max_depth': 4, 'clf__min_samples_leaf': 9, 'clf__n_estimators': 403}",0.5646666666666667,0.5638513894088041,0.599826553586562
3,rand_0,GradientBoosting,310.0,"[np.str_('V160'), np.str_('V416'), np.str_('V377')]","{'clf__learning_rate': np.float64(0.012447420336780599), 'clf__max_depth': 2, 'clf__n_estimators': 362, 'clf__subsample': np.float64(0.7694648776168372)}",0.5630000000000001,0.5623940072097694,0.5829204981717431
4,rand_1,GradientBoosting,300.0,"[np.str_('V380'), np.str_('V416'), np.str_('V377'), np.str_('V175')]","{'clf__learning_rate': np.float64(0.01723516600205961), 'clf__max_depth': 2, 'clf__n_estimators': 130, 'clf__subsample': np.float64(0.6904253682679529)}",0.595,0.5945461559083154,0.615349831521344
4,rand_1,ExtraTrees,300.0,"[np.str_('V380'), np.str_('V416'), np.str_('V377'), np.str_('V175')]","{'clf__max_depth': 4, 'clf__min_samples_leaf': 9, 'clf__n_estimators': 403}",0.5976666666666666,0.5970735618546353,0.628197415124338
5,top,ExtraTrees,300.0,"['V255', 'V191', 'V176', 'V380', 'V160']","{'clf__max_depth': 8, 'clf__min_samples_leaf': 7, 'clf__n_estimators': 401}",0.6416666666666667,0.6413119112793243,0.6645758062357822
3,rand_1,LightGBM,295.0,"[np.str_('V160'), np.str_('V175'), np.str_('V212')]","{'clf__learning_rate': np.float64(0.018968367710792175), 'clf__max_depth': 4, 'clf__n_estimators': 267, 'clf__num_leaves': 35, 'clf__subsample': np.float64(0.664083523552488)}",0.5793333333333334,0.5790443617652823,0.5877403178652486
5,top,GradientBoosting,290.0,"['V255', 'V191', 'V176', 'V380', 'V160']","{'clf__learning_rate': np.float64(0.08612990916378668), 'clf__max_depth': 2, 'clf__n_estimators': 187, 'clf__subsample': np.float64(0.7185652978509862)}",0.6416666666666667,0.6414264478804949,0.6564841041176402
4,rand_2,SVM_RBF,285.0,"[np.str_('V191'), np.str_('V160'), np.str_('V11'), np.str_('V212')]","{'clf__C': np.float64(0.15166336526237675), 'clf__gamma': np.float64(0.109860831937539)}",0.5946666666666666,0.5939707239381843,0.6321481986918375
3,rand_0,RandomForest,275.0,"[np.str_('V160'), np.str_('V416'), np.str_('V377')]","{'clf__max_depth': 4, 'clf__min_samples_leaf': 2, 'clf__n_estimators': 564}",0.562,0.5611386853257544,0.5968332380240972
4,rand_2,GradientBoosting,270.0,"[np.str_('V191'), np.str_('V160'), np.str_('V11'), np.str_('V212')]","{'clf__learning_rate': np.float64(0.018618814067432626), 'clf__max_depth': 2, 'clf__n_estimators': 164, 'clf__subsample': np.float64(0.8804927450629726)}",0.592,0.5914792930998825,0.6169815301859972
4,rand_2,ExtraTrees,270.0,"[np.str_('V191'), np.str_('V160'), np.str_('V11'), np.str_('V212')]","{'clf__max_depth': 4, 'clf__min_samples_leaf': 9, 'clf__n_estimators': 403}",0.5826666666666666,0.5820745345591888,0.6080912124508855
5,top,XGBoost,265.0,"['V255', 'V191', 'V176', 'V380', 'V160']","{'clf__colsample_bytree': np.float64(0.7694648776168372), 'clf__learning_rate': np.float64(0.018707545279571126), 'clf__max_depth': 4, 'clf__n_estimators': 416, 'clf__subsample': np.float64(0.7363207269058605)}",0.6443333333333333,0.644178519221286,0.6529788387811495
4,rand_1,XGBoost,265.0,"[np.str_('V380'), np.str_('V416'), np.str_('V377'), np.str_('V175')]","{'clf__colsample_bytree': np.float64(0.7420988439976136), 'clf__learning_rate': np.float64(0.0108576321750405), 'clf__max_depth': 6, 'clf__n_estimators': 215, 'clf__subsample': np.float64(0.7323701126489202)}",0.589,0.5886513159613668,0.602511914808271
3,top+2,LogRegl1,265.0,"['V176', 'V380', 'V160']",{'clf__C': np.float64(0.16644299518966227)},0.5493333333333333,0.5492249800599428,0.5494307563973203
5,top,SVM_RBF,265.0,"['V255', 'V191', 'V176', 'V380', 'V160']","{'clf__C': np.float64(83.01235711169913), 'clf__gamma': np.float64(0.001761619320235845)}",0.6423333333333333,0.6416045193854438,0.7039121567566958
4,rand_1,SVM_RBF,265.0,"[np.str_('V380'), np.str_('V416'), np.str_('V377'), np.str_('V175')]","{'clf__C': np.float64(0.15166336526237675), 'clf__gamma': np.float64(0.109860831937539)}",0.6023333333333333,0.6016957083849259,0.6378825843591355
3,top+2,LogRegl2,260.0,"['V176', 'V380', 'V160']",{'clf__C': np.float64(0.041924993150460804)},0.5476666666666667,0.5475776404899008,0.5472526061243076
4,rand_1,RandomForest,260.0,"[np.str_('V380'), np.str_('V416'), np.str_('V377'), np.str_('V175')]","{'clf__max_depth': 4, 'clf__min_samples_leaf': 9, 'clf__n_estimators': 403}",0.5950000000000001,0.5944861550283042,0.6200244161403836
5,top+1,ExtraTrees,260.0,"['V191', 'V176', 'V380', 'V160', 'V416']","{'clf__max_depth': 8, 'clf__min_samples_leaf': 7, 'clf__n_estimators': 401}",0.6196666666666667,0.6191866430127851,0.6482814218921892
5,top,LightGBM,255.0,"['V255', 'V191', 'V176', 'V380', 'V160']","{'clf__learning_rate': np.float64(0.018968367710792175), 'clf__max_depth': 4, 'clf__n_estimators': 267, 'clf__num_leaves': 35, 'clf__subsample': np.float64(0.664083523552488)}",0.6386666666666666,0.6383757720044397,0.6568661961699006
5,top,RandomForest,255.0,"['V255', 'V191', 'V176', 'V380', 'V160']","{'clf__max_depth': 6, 'clf__min_samples_leaf': 2, 'clf__n_estimators': 238}",0.6363333333333333,0.6359717730618795,0.6609274733752654
4,rand_2,RandomForest,245.0,"[np.str_('V191'), np.str_('V160'), np.str_('V11'), np.str_('V212')]","{'clf__max_depth': 4, 'clf__min_samples_leaf': 9, 'clf__n_estimators': 403}",0.5923333333333333,0.5917353629860357,0.6223359210621972
4,rand_2,XGBoost,245.0,"[np.str_('V191'), np.str_('V160'), np.str_('V11'), np.str_('V212')]","{'clf__colsample_bytree': np.float64(0.7648277835860277), 'clf__learning_rate': np.float64(0.01723516600205961), 'clf__max_depth': 3, 'clf__n_estimators': 230, 'clf__subsample': np.float64(0.6904253682679529)}",0.5973333333333333,0.5968780470266437,0.6203763376968456
3,rand_1,LogRegl1,245.0,"[np.str_('V160'), np.str_('V175'), np.str_('V212')]",{'clf__C': np.float64(1.1285665712014172)},0.5516666666666667,0.5515965186105816,0.5510754292014047
5,top+1,XGBoost,240.0,"['V191', 'V176', 'V380', 'V160', 'V416']","{'clf__colsample_bytree': np.float64(0.7648277835860277), 'clf__learning_rate': np.float64(0.01723516600205961), 'clf__max_depth': 3, 'clf__n_estimators': 230, 'clf__subsample': np.float64(0.6904253682679529)}",0.626,0.6256360943112045,0.6480303845414981
4,rand_1,LightGBM,240.0,"[np.str_('V380'), np.str_('V416'), np.str_('V377'), np.str_('V175')]","{'clf__learning_rate': np.float64(0.011979639074434058), 'clf__max_depth': 4, 'clf__n_estimators': 415, 'clf__num_leaves': 61, 'clf__subsample': np.float64(0.8714226754962524)}",0.596,0.5955741593425684,0.6152900376427132
3,rand_0,XGBoost,240.0,"[np.str_('V160'), np.str_('V416'), np.str_('V377')]","{'clf__colsample_bytree': np.float64(0.7648277835860277), 'clf__learning_rate': np.float64(0.01723516600205961), 'clf__max_depth': 3, 'clf__n_estimators': 230, 'clf__subsample': np.float64(0.6904253682679529)}",0.5613333333333334,0.5608026290136864,0.5773883372475676
3,rand_1,LogRegl2,235.0,"[np.str_('V160'), np.str_('V175'), np.str_('V212')]",{'clf__C': np.float64(0.041924993150460804)},0.551,0.5509251677487234,0.5504738414375167
3,rand_0,LightGBM,230.0,"[np.str_('V160'), np.str_('V416'), np.str_('V377')]","{'clf__learning_rate': np.float64(0.018968367710792175), 'clf__max_depth': 4, 'clf__n_estimators': 267, 'clf__num_leaves': 35, 'clf__subsample': np.float64(0.664083523552488)}",0.5536666666666666,0.5531765147428036,0.5666237965496416
5,top+1,LightGBM,220.0,"['V191', 'V176', 'V380', 'V160', 'V416']","{'clf__learning_rate': np.float64(0.018968367710792175), 'clf__max_depth': 4, 'clf__n_estimators': 267, 'clf__num_leaves': 35, 'clf__subsample': np.float64(0.664083523552488)}",0.629,0.628638822755354,0.652396280537301
5,top+1,RandomForest,215.0,"['V191', 'V176', 'V380', 'V160', 'V416']","{'clf__max_depth': 9, 'clf__min_samples_leaf': 16, 'clf__n_estimators': 276}",0.631,0.6307002430466885,0.6499677933593145
5,top+2,XGBoost,215.0,"['V176', 'V380', 'V160', 'V416', 'V224']","{'clf__colsample_bytree': np.float64(0.7648277835860277), 'clf__learning_rate': np.float64(0.01723516600205961), 'clf__max_depth': 3, 'clf__n_estimators': 230, 'clf__subsample': np.float64(0.6904253682679529)}",0.625,0.6246300977759641,0.6464488746621044
5,top+1,GradientBoosting,215.0,"['V191', 'V176', 'V380', 'V160', 'V416']","{'clf__learning_rate': np.float64(0.034607386039615676), 'clf__max_depth': 3, 'clf__n_estimators': 138, 'clf__subsample': np.float64(0.8612364919499478)}",0.6189999999999999,0.6186566429997564,0.6383504578865217
5,top+2,ExtraTrees,210.0,"['V176', 'V380', 'V160', 'V416', 'V224']","{'clf__max_depth': 8, 'clf__min_samples_leaf': 7, 'clf__n_estimators': 401}",0.6216666666666667,0.621257343530686,0.6455263762587918
4,top+1,LogRegl1,210.0,"['V191', 'V176', 'V380', 'V160']",{'clf__C': np.float64(0.09469755543803382)},0.5536666666666666,0.5535804171748308,0.5541643837060276
4,top+1,LogRegl2,210.0,"['V191', 'V176', 'V380', 'V160']",{'clf__C': np.float64(0.041924993150460804)},0.551,0.5509256947787953,0.550845786225237
5,top+1,SVM_RBF,210.0,"['V191', 'V176', 'V380', 'V160', 'V416']","{'clf__C': np.float64(0.15166336526237675), 'clf__gamma': np.float64(0.109860831937539)}",0.632,0.6316382364938073,0.6539552818587017
4,top,LogRegl2,200.0,"['V255', 'V191', 'V176', 'V380']",{'clf__C': np.float64(0.041924993150460804)},0.5619999999999999,0.5619381238400967,0.5614796358435864
4,top,LogRegl1,200.0,"['V255', 'V191', 'V176', 'V380']",{'clf__C': np.float64(2.197148278547012)},0.5623333333333332,0.5622801227651771,0.5616190200776667
4,rand_0,ExtraTrees,200.0,"[np.str_('V191'), np.str_('V224'), np.str_('V377'), np.str_('V221')]","{'clf__max_depth': 9, 'clf__min_samples_leaf': 9, 'clf__n_estimators': 295}",0.5663333333333332,0.5658741036927819,0.5800545070494447
4,rand_0,SVM_RBF,195.0,"[np.str_('V191'), np.str_('V224'), np.str_('V377'), np.str_('V221')]","{'clf__C': np.float64(6.393794237097354), 'clf__gamma': np.float64(0.016644299518966215)}",0.5693333333333332,0.5684495476090488,0.60804877231769
5,top+2,SVM_RBF,190.0,"['V176', 'V380', 'V160', 'V416', 'V224']","{'clf__C': np.float64(4.721229607750618), 'clf__gamma': np.float64(0.06832788177059916)}",0.6183333333333333,0.6179699919342966,0.6390864904050689
4,rand_0,GradientBoosting,190.0,"[np.str_('V191'), np.str_('V224'), np.str_('V377'), np.str_('V221')]","{'clf__learning_rate': np.float64(0.01723516600205961), 'clf__max_depth': 2, 'clf__n_estimators': 130, 'clf__subsample': np.float64(0.6904253682679529)}",0.5680000000000001,0.5674187874074453,0.5883337553713935
4,rand_2,LightGBM,185.0,"[np.str_('V191'), np.str_('V160'), np.str_('V11'), np.str_('V212')]","{'clf__learning_rate': np.float64(0.06224942473745767), 'clf__max_depth': 3, 'clf__n_estimators': 305, 'clf__num_leaves': 31, 'clf__subsample': np.float64(0.757245163188121)}",0.5783333333333333,0.5780116316265765,0.5874181106891367
5,top+2,GradientBoosting,170.0,"['V176', 'V380', 'V160', 'V416', 'V224']","{'clf__learning_rate': np.float64(0.034607386039615676), 'clf__max_depth': 3, 'clf__n_estimators': 138, 'clf__subsample': np.float64(0.8612364919499478)}",0.6126666666666667,0.6122731466882918,0.6336186794791424
4,rand_0,RandomForest,165.0,"[np.str_('V191'), np.str_('V224'), np.str_('V377'), np.str_('V221')]","{'clf__max_depth': 4, 'clf__min_samples_leaf': 9, 'clf__n_estimators': 403}",0.5716666666666667,0.5710442187491201,0.5962864998713662
5,top+2,RandomForest,160.0,"['V176', 'V380', 'V160', 'V416', 'V224']","{'clf__max_depth': 5, 'clf__min_samples_leaf': 11, 'clf__n_estimators': 385}",0.6193333333333334,0.6188859789624277,0.646185420687145
5,top+2,LightGBM,145.0,"['V176', 'V380', 'V160', 'V416', 'V224']","{'clf__learning_rate': np.float64(0.01659816376671886), 'clf__max_depth': 5, 'clf__n_estimators': 402, 'clf__num_leaves': 28, 'clf__subsample': np.float64(0.8698475964977794)}",0.611,0.6107172432382085,0.6250245562529896
4,rand_0,XGBoost,135.0,"[np.str_('V191'), np.str_('V224'), np.str_('V377'), np.str_('V221')]","{'clf__colsample_bytree': np.float64(0.7648277835860277), 'clf__learning_rate': np.float64(0.01723516600205961), 'clf__max_depth': 3, 'clf__n_estimators': 230, 'clf__subsample': np.float64(0.6904253682679529)}",0.572,0.5715735088158987,0.5866923255964217
4,rand_0,LogRegl1,120.0,"[np.str_('V191'), np.str_('V224'), np.str_('V377'), np.str_('V221')]",{'clf__C': np.float64(0.02927482923116903)},0.5496666666666666,0.5495311115092686,0.5507482648930017
3,rand_0,LogRegl1,120.0,"[np.str_('V160'), np.str_('V416'), np.str_('V377')]",{'clf__C': np.float64(0.09469755543803382)},0.5206666666666667,0.520265069750621,0.5268196805591504
6,top,ExtraTrees,115.0,"['V255', 'V191', 'V176', 'V380', 'V160', 'V416']","{'clf__max_depth': 6, 'clf__min_samples_leaf': 4, 'clf__n_estimators': 383}",0.6473333333333334,0.646857399529519,0.6834383993721819
4,rand_0,LightGBM,105.0,"[np.str_('V191'), np.str_('V224'), np.str_('V377'), np.str_('V221')]","{'clf__learning_rate': np.float64(0.011979639074434058), 'clf__max_depth': 4, 'clf__n_estimators': 415, 'clf__num_leaves': 61, 'clf__subsample': np.float64(0.8714226754962524)}",0.5576666666666666,0.5572705607668387,0.5682479851083562
4,rand_0,LogRegl2,100.0,"[np.str_('V191'), np.str_('V224'), np.str_('V377'), np.str_('V221')]",{'clf__C': np.float64(0.014177255479383569)},0.546,0.5459037536727503,0.5456802492053093
3,rand_0,LogRegl2,100.0,"[np.str_('V160'), np.str_('V416'), np.str_('V377')]",{'clf__C': np.float64(2.197148278547012)},0.519,0.5187310390592419,0.5215251246352651
6,top,GradientBoosting,100.0,"['V255', 'V191', 'V176', 'V380', 'V160', 'V416']","{'clf__learning_rate': np.float64(0.018707545279571126), 'clf__max_depth': 3, 'clf__n_estimators': 316, 'clf__subsample': np.float64(0.7363207269058605)}",0.6466666666666666,0.6464585686358756,0.6595115693847075
4,rand_2,LogRegl1,80.0,"[np.str_('V191'), np.str_('V160'), np.str_('V11'), np.str_('V212')]",{'clf__C': np.float64(0.022468759419183908)},0.5446666666666666,0.544510277639466,0.545991555408198
6,top,SVM_RBF,70.0,"['V255', 'V191', 'V176', 'V380', 'V160', 'V416']","{'clf__C': np.float64(6.393794237097354), 'clf__gamma': np.float64(0.016644299518966215)}",0.6516666666666667,0.6511534137304497,0.6911244881983737
4,top+2,LogRegl1,65.0,"['V176', 'V380', 'V160', 'V416']",{'clf__C': np.float64(0.16644299518966227)},0.5493333333333333,0.5492249800599428,0.5494307563973203
4,top+2,LogRegl2,65.0,"['V176', 'V380', 'V160', 'V416']",{'clf__C': np.float64(0.014177255479383569)},0.5483333333333333,0.5482343108763826,0.5481175165945372
6,top,XGBoost,60.0,"['V255', 'V191', 'V176', 'V380', 'V160', 'V416']","{'clf__colsample_bytree': np.float64(0.7655331788949136), 'clf__learning_rate': np.float64(0.02651034264899119), 'clf__max_depth': 5, 'clf__n_estimators': 238, 'clf__subsample': np.float64(0.8612364919499478)}",0.648,0.6478086239313067,0.6601728343639167
6,top,LightGBM,55.0,"['V255', 'V191', 'V176', 'V380', 'V160', 'V416']","{'clf__learning_rate': np.float64(0.018968367710792175), 'clf__max_depth': 4, 'clf__n_estimators': 267, 'clf__num_leaves': 35, 'clf__subsample': np.float64(0.664083523552488)}",0.6386666666666666,0.6383757720044397,0.6568661961699006
5,rand_2,GradientBoosting,50.0,"[np.str_('V380'), np.str_('V224'), np.str_('V11'), np.str_('V175'), np.str_('V212')]","{'clf__learning_rate': np.float64(0.01723516600205961), 'clf__max_depth': 2, 'clf__n_estimators': 130, 'clf__subsample': np.float64(0.6904253682679529)}",0.5866666666666666,0.5860939397099415,0.6124556641249373
6,top,RandomForest,50.0,"['V255', 'V191', 'V176', 'V380', 'V160', 'V416']","{'clf__max_depth': 8, 'clf__min_samples_leaf': 7, 'clf__n_estimators': 234}",0.6446666666666667,0.6443858482849446,0.6632708757267488
5,rand_2,SVM_RBF,45.0,"[np.str_('V380'), np.str_('V224'), np.str_('V11'), np.str_('V175'), np.str_('V212')]","{'clf__C': np.float64(6.393794237097354), 'clf__gamma': np.float64(0.016644299518966215)}",0.5893333333333334,0.5885379488663431,0.6305754407163654
6,top+1,ExtraTrees,45.0,"['V191', 'V176', 'V380', 'V160', 'V416', 'V224']","{'clf__max_depth': 6, 'clf__min_samples_leaf': 4, 'clf__n_estimators': 383}",0.6303333333333333,0.6298062856654195,0.6655115639718114
6,top+1,XGBoost,40.0,"['V191', 'V176', 'V380', 'V160', 'V416', 'V224']","{'clf__colsample_bytree': np.float64(0.7648277835860277), 'clf__learning_rate': np.float64(0.01723516600205961), 'clf__max_depth': 3, 'clf__n_estimators': 230, 'clf__subsample': np.float64(0.6904253682679529)}",0.6296666666666666,0.6293528804886115,0.6476799210145572
5,rand_1,SVM_RBF,40.0,"[np.str_('V416'), np.str_('V309'), np.str_('V11'), np.str_('V262'), np.str_('V175')]","{'clf__C': np.float64(6.393794237097354), 'clf__gamma': np.float64(0.016644299518966215)}",0.585,0.5843204964785816,0.6164835164835165
4,rand_2,LogRegl2,40.0,"[np.str_('V191'), np.str_('V160'), np.str_('V11'), np.str_('V212')]",{'clf__C': np.float64(0.014177255479383569)},0.5499999999999999,0.5499457589426963,0.5493499001081517
6,top+1,GradientBoosting,35.0,"['V191', 'V176', 'V380', 'V160', 'V416', 'V224']","{'clf__learning_rate': np.float64(0.07717567274870522), 'clf__max_depth': 2, 'clf__n_estimators': 339, 'clf__subsample': np.float64(0.6621992493842985)}",0.6243333333333333,0.6241587380601971,0.6316437851841311
5,rand_2,ExtraTrees,25.0,"[np.str_('V380'), np.str_('V224'), np.str_('V11'), np.str_('V175'), np.str_('V212')]","{'clf__max_depth': 6, 'clf__min_samples_leaf': 2, 'clf__n_estimators': 238}",0.5936666666666667,0.5930547896061267,0.6233800312747682
6,top+1,SVM_RBF,25.0,"['V191', 'V176', 'V380', 'V160', 'V416', 'V224']","{'clf__C': np.float64(0.15166336526237675), 'clf__gamma': np.float64(0.109860831937539)}",0.6386666666666666,0.6383444039146505,0.658096234413109
5,rand_2,RandomForest,20.0,"[np.str_('V380'), np.str_('V224'), np.str_('V11'), np.str_('V175'), np.str_('V212')]","{'clf__max_depth': 4, 'clf__min_samples_leaf': 9, 'clf__n_estimators': 403}",0.5873333333333334,0.5868092788218299,0.6114515786939845
6,top+2,GradientBoosting,20.0,"['V176', 'V380', 'V160', 'V416', 'V224', 'V377']","{'clf__learning_rate': np.float64(0.012447420336780599), 'clf__max_depth': 2, 'clf__n_estimators': 362, 'clf__subsample': np.float64(0.7694648776168372)}",0.6186666666666666,0.6183372841959492,0.636182156420449
6,rand_0,GradientBoosting,15.0,"[np.str_('V255'), np.str_('V176'), np.str_('V160'), np.str_('V224'), np.str_('V390'), np.str_('V175')]","{'clf__learning_rate': np.float64(0.021624060724205987), 'clf__max_depth': 4, 'clf__n_estimators': 384, 'clf__subsample': np.float64(0.7648277835860277)}",0.6230000000000001,0.6227606685027186,0.6340108306388484
4,rand_1,LogRegl1,15.0,"[np.str_('V380'), np.str_('V416'), np.str_('V377'), np.str_('V175')]",{'clf__C': np.float64(0.6393794237097356)},0.549,0.54894638973874,0.5482087018528118
5,rand_1,ExtraTrees,15.0,"[np.str_('V416'), np.str_('V309'), np.str_('V11'), np.str_('V262'), np.str_('V175')]","{'clf__max_depth': 6, 'clf__min_samples_leaf': 4, 'clf__n_estimators': 383}",0.595,0.5945260615300859,0.6162263276089334
5,rand_1,GradientBoosting,15.0,"[np.str_('V416'), np.str_('V309'), np.str_('V11'), np.str_('V262'), np.str_('V175')]","{'clf__learning_rate': np.float64(0.01723516600205961), 'clf__max_depth': 2, 'clf__n_estimators': 130, 'clf__subsample': np.float64(0.6904253682679529)}",0.606,0.6055636653617941,0.627806133719567
4,rand_1,LogRegl2,15.0,"[np.str_('V380'), np.str_('V416'), np.str_('V377'), np.str_('V175')]",{'clf__C': np.float64(0.014177255479383569)},0.5503333333333333,0.5502664240330962,0.5498662583412511
6,top+2,ExtraTrees,15.0,"['V176', 'V380', 'V160', 'V416', 'V224', 'V377']","{'clf__max_depth': 6, 'clf__min_samples_leaf': 4, 'clf__n_estimators': 383}",0.6246666666666667,0.6241666828519883,0.6572889212453297
6,rand_1,GradientBoosting,10.0,"[np.str_('V176'), np.str_('V380'), np.str_('V416'), np.str_('V390'), np.str_('V262'), np.str_('V175')]","{'clf__learning_rate': np.float64(0.08612990916378668), 'clf__max_depth': 2, 'clf__n_estimators': 187, 'clf__subsample': np.float64(0.7185652978509862)}",0.607,0.6067682931004094,0.6166730634904232
5,top+1,LogRegl2,10.0,"['V191', 'V176', 'V380', 'V160', 'V416']",{'clf__C': np.float64(0.022468759419183908)},0.5513333333333333,0.5512570267065313,0.5512670465362758
5,top+1,LogRegl1,10.0,"['V191', 'V176', 'V380', 'V160', 'V416']",{'clf__C': np.float64(0.09469755543803382)},0.5536666666666666,0.5535804171748308,0.5541643837060276
5,top,LogRegl2,5.0,"['V255', 'V191', 'V176', 'V380', 'V160']",{'clf__C': np.float64(0.041924993150460804)},0.5656666666666667,0.5656141559889843,0.5647092378479104
5,rand_1,RandomForest,5.0,"[np.str_('V416'), np.str_('V309'), np.str_('V11'), np.str_('V262'), np.str_('V175')]","{'clf__max_depth': 9, 'clf__min_samples_leaf': 16, 'clf__n_estimators': 276}",0.6016666666666667,0.6014762488291555,0.6084961116342796
5,top,LogRegl1,5.0,"['V255', 'V191', 'V176', 'V380', 'V160']",{'clf__C': np.float64(2.197148278547012)},0.5656666666666667,0.5656148293733333,0.564694055461607
6,top+1,RandomForest,5.0,"['V191', 'V176', 'V380', 'V160', 'V416', 'V224']","{'clf__max_depth': 9, 'clf__min_samples_leaf': 16, 'clf__n_estimators': 276}",0.6303333333333333,0.6301268345097748,0.6425427509776966
6,top+1,LightGBM,0.0,"['V191', 'V176', 'V380', 'V160', 'V416', 'V224']","{'clf__learning_rate': np.float64(0.011979639074434058), 'clf__max_depth': 4, 'clf__n_estimators': 415, 'clf__num_leaves': 61, 'clf__subsample': np.float64(0.8714226754962524)}",0.6196666666666667,0.6192699585184768,0.6421076197047243
6,rand_2,ExtraTrees,0.0,"[np.str_('V255'), np.str_('V176'), np.str_('V160'), np.str_('V416'), np.str_('V262'), np.str_('V175')]","{'clf__max_depth': 6, 'clf__min_samples_leaf': 4, 'clf__n_estimators': 383}",0.6093333333333333,0.608861725397683,0.6371532702915682
5,rand_2,XGBoost,-5.0,"[np.str_('V380'), np.str_('V224'), np.str_('V11'), np.str_('V175'), np.str_('V212')]","{'clf__colsample_bytree': np.float64(0.7648277835860277), 'clf__learning_rate': np.float64(0.01723516600205961), 'clf__max_depth': 3, 'clf__n_estimators': 230, 'clf__subsample': np.float64(0.6904253682679529)}",0.5806666666666666,0.5802178064103946,0.5970922297355737
5,rand_1,XGBoost,-5.0,"[np.str_('V416'), np.str_('V309'), np.str_('V11'), np.str_('V262'), np.str_('V175')]","{'clf__colsample_bytree': np.float64(0.7648277835860277), 'clf__learning_rate': np.float64(0.01723516600205961), 'clf__max_depth': 3, 'clf__n_estimators': 230, 'clf__subsample': np.float64(0.6904253682679529)}",0.6026666666666666,0.6023529347896538,0.6158701911672616
6,rand_0,ExtraTrees,-10.0,"[np.str_('V255'), np.str_('V176'), np.str_('V160'), np.str_('V224'), np.str_('V390'), np.str_('V175')]","{'clf__max_depth': 11, 'clf__min_samples_leaf': 1, 'clf__n_estimators': 439}",0.6163333333333333,0.6159345386838999,0.6387121080391817
6,rand_1,XGBoost,-10.0,"[np.str_('V176'), np.str_('V380'), np.str_('V416'), np.str_('V390'), np.str_('V262'), np.str_('V175')]","{'clf__colsample_bytree': np.float64(0.779771779323794), 'clf__learning_rate': np.float64(0.024302028305697564), 'clf__max_depth': 4, 'clf__n_estimators': 593, 'clf__subsample': np.float64(0.9951412342947252)}",0.6133333333333333,0.6130792210676952,0.6257278365672613
6,top+2,XGBoost,-10.0,"['V176', 'V380', 'V160', 'V416', 'V224', 'V377']","{'clf__colsample_bytree': np.float64(0.9771170310658897), 'clf__learning_rate': np.float64(0.018968367710792175), 'clf__max_depth': 4, 'clf__n_estimators': 267, 'clf__subsample': np.float64(0.6482976441389584)}",0.6186666666666666,0.6184099192102614,0.6313367262631756
6,rand_2,GradientBoosting,-15.0,"[np.str_('V255'), np.str_('V176'), np.str_('V160'), np.str_('V416'), np.str_('V262'), np.str_('V175')]","{'clf__learning_rate': np.float64(0.012447420336780599), 'clf__max_depth': 2, 'clf__n_estimators': 362, 'clf__subsample': np.float64(0.7694648776168372)}",0.6143333333333333,0.6139517879980063,0.6376648004334478
5,rand_2,LightGBM,-20.0,"[np.str_('V380'), np.str_('V224'), np.str_('V11'), np.str_('V175'), np.str_('V212')]","{'clf__learning_rate': np.float64(0.011979639074434058), 'clf__max_depth': 4, 'clf__n_estimators': 415, 'clf__num_leaves': 61, 'clf__subsample': np.float64(0.8714226754962524)}",0.582,0.5815878886138799,0.596785989364442
6,rand_0,SVM_RBF,-25.0,"[np.str_('V255'), np.str_('V176'), np.str_('V160'), np.str_('V224'), np.str_('V390'), np.str_('V175')]","{'clf__C': np.float64(6.393794237097354), 'clf__gamma': np.float64(0.016644299518966215)}",0.626,0.6253961407670917,0.6661384183037726
6,rand_0,XGBoost,-25.0,"[np.str_('V255'), np.str_('V176'), np.str_('V160'), np.str_('V224'), np.str_('V390'), np.str_('V175')]","{'clf__colsample_bytree': np.float64(0.7694648776168372), 'clf__learning_rate': np.float64(0.018707545279571126), 'clf__max_depth': 4, 'clf__n_estimators': 416, 'clf__subsample': np.float64(0.7363207269058605)}",0.6193333333333334,0.6191086638859155,0.6294418539114136
6,top+2,SVM_RBF,-25.0,"['V176', 'V380', 'V160', 'V416', 'V224', 'V377']","{'clf__C': np.float64(0.41924993150460804), 'clf__gamma': np.float64(0.21971482785470117)}",0.6243333333333333,0.6240693500414048,0.6389049834861945
6,rand_2,SVM_RBF,-25.0,"[np.str_('V255'), np.str_('V176'), np.str_('V160'), np.str_('V416'), np.str_('V262'), np.str_('V175')]","{'clf__C': np.float64(6.393794237097354), 'clf__gamma': np.float64(0.016644299518966215)}",0.612,0.6113218559363873,0.6562114602646401
6,top+2,RandomForest,-25.0,"['V176', 'V380', 'V160', 'V416', 'V224', 'V377']","{'clf__max_depth': 5, 'clf__min_samples_leaf': 11, 'clf__n_estimators': 385}",0.6236666666666667,0.6232433549461357,0.6485651759090364
6,rand_1,LightGBM,-30.0,"[np.str_('V176'), np.str_('V380'), np.str_('V416'), np.str_('V390'), np.str_('V262'), np.str_('V175')]","{'clf__learning_rate': np.float64(0.018968367710792175), 'clf__max_depth': 4, 'clf__n_estimators': 267, 'clf__num_leaves': 35, 'clf__subsample': np.float64(0.664083523552488)}",0.6096666666666667,0.6092931131415972,0.6297060631593006
5,rand_1,LightGBM,-30.0,"[np.str_('V416'), np.str_('V309'), np.str_('V11'), np.str_('V262'), np.str_('V175')]","{'clf__learning_rate': np.float64(0.018968367710792175), 'clf__max_depth': 4, 'clf__n_estimators': 267, 'clf__num_leaves': 35, 'clf__subsample': np.float64(0.664083523552488)}",0.5983333333333333,0.5979948585935352,0.6127393621035789
6,rand_1,SVM_RBF,-30.0,"[np.str_('V176'), np.str_('V380'), np.str_('V416'), np.str_('V390'), np.str_('V262'), np.str_('V175')]","{'clf__C': np.float64(0.41924993150460804), 'clf__gamma': np.float64(0.21971482785470117)}",0.609,0.6087077438547315,0.6228040981542962
6,rand_2,XGBoost,-30.0,"[np.str_('V255'), np.str_('V176'), np.str_('V160'), np.str_('V416'), np.str_('V262'), np.str_('V175')]","{'clf__colsample_bytree': np.float64(0.7648277835860277), 'clf__learning_rate': np.float64(0.01723516600205961), 'clf__max_depth': 3, 'clf__n_estimators': 230, 'clf__subsample': np.float64(0.6904253682679529)}",0.6146666666666666,0.6143771282967901,0.6301059052569364
6,rand_1,RandomForest,-35.0,"[np.str_('V176'), np.str_('V380'), np.str_('V416'), np.str_('V390'), np.str_('V262'), np.str_('V175')]","{'clf__max_depth': 6, 'clf__min_samples_leaf': 2, 'clf__n_estimators': 238}",0.6086666666666667,0.6082577564556458,0.6313868536230615
6,rand_1,ExtraTrees,-40.0,"[np.str_('V176'), np.str_('V380'), np.str_('V416'), np.str_('V390'), np.str_('V262'), np.str_('V175')]","{'clf__max_depth': 8, 'clf__min_samples_leaf': 1, 'clf__n_estimators': 323}",0.6066666666666666,0.6061377077610016,0.636597560126972
5,top+2,LogRegl1,-40.0,"['V176', 'V380', 'V160', 'V416', 'V224']",{'clf__C': np.float64(0.041924993150460804)},0.561,0.5609106875980038,0.5617054711528956
6,rand_0,LightGBM,-45.0,"[np.str_('V255'), np.str_('V176'), np.str_('V160'), np.str_('V224'), np.str_('V390'), np.str_('V175')]","{'clf__learning_rate': np.float64(0.018968367710792175), 'clf__max_depth': 4, 'clf__n_estimators': 267, 'clf__num_leaves': 35, 'clf__subsample': np.float64(0.664083523552488)}",0.6149999999999999,0.6146205245265873,0.6350054733973298
5,rand_0,XGBoost,-45.0,"[np.str_('V224'), np.str_('V309'), np.str_('V262'), np.str_('V221'), np.str_('V212')]","{'clf__colsample_bytree': np.float64(0.7648277835860277), 'clf__learning_rate': np.float64(0.01723516600205961), 'clf__max_depth': 3, 'clf__n_estimators': 230, 'clf__subsample': np.float64(0.6904253682679529)}",0.5833333333333334,0.5829210159624009,0.5971850885433502
6,top+2,LightGBM,-45.0,"['V176', 'V380', 'V160', 'V416', 'V224', 'V377']","{'clf__learning_rate': np.float64(0.011979639074434058), 'clf__max_depth': 4, 'clf__n_estimators': 415, 'clf__num_leaves': 61, 'clf__subsample': np.float64(0.8714226754962524)}",0.6176666666666666,0.6173092144115794,0.6375900329717306
5,rand_0,SVM_RBF,-45.0,"[np.str_('V224'), np.str_('V309'), np.str_('V262'), np.str_('V221'), np.str_('V212')]","{'clf__C': np.float64(0.29274829231169025), 'clf__gamma': np.float64(0.3604693586675808)}",0.5826666666666667,0.5824410632184679,0.5881661636381864
6,rand_0,RandomForest,-50.0,"[np.str_('V255'), np.str_('V176'), np.str_('V160'), np.str_('V224'), np.str_('V390'), np.str_('V175')]","{'clf__max_depth': 5, 'clf__min_samples_leaf': 8, 'clf__n_estimators': 583}",0.6236666666666667,0.6232866831458438,0.6461029453800573
6,rand_2,RandomForest,-50.0,"[np.str_('V255'), np.str_('V176'), np.str_('V160'), np.str_('V416'), np.str_('V262'), np.str_('V175')]","{'clf__max_depth': 5, 'clf__min_samples_leaf': 8, 'clf__n_estimators': 583}",0.605,0.6045789377511922,0.6290852333708675
5,rand_0,ExtraTrees,-55.0,"[np.str_('V224'), np.str_('V309'), np.str_('V262'), np.str_('V221'), np.str_('V212')]","{'clf__max_depth': 6, 'clf__min_samples_leaf': 2, 'clf__n_estimators': 238}",0.5756666666666667,0.5752595867938304,0.588234492881821
5,top+2,LogRegl2,-65.0,"['V176', 'V380', 'V160', 'V416', 'V224']",{'clf__C': np.float64(0.041924993150460804)},0.5633333333333334,0.5632440583452721,0.5641534652851984
5,rand_2,LogRegl1,-70.0,"[np.str_('V380'), np.str_('V224'), np.str_('V11'), np.str_('V175'), np.str_('V212')]",{'clf__C': np.float64(1.1285665712014172)},0.5566666666666668,0.5566159653895895,0.5564070632738863
5,rand_0,GradientBoosting,-75.0,"[np.str_('V224'), np.str_('V309'), np.str_('V262'), np.str_('V221'), np.str_('V212')]","{'clf__learning_rate': np.float64(0.018707545279571126), 'clf__max_depth': 3, 'clf__n_estimators': 316, 'clf__subsample': np.float64(0.7363207269058605)}",0.5710000000000001,0.5706214795295909,0.5814474462842152
5,rand_2,LogRegl2,-80.0,"[np.str_('V380'), np.str_('V224'), np.str_('V11'), np.str_('V175'), np.str_('V212')]",{'clf__C': np.float64(0.09469755543803382)},0.5579999999999999,0.5579526734843071,0.557683812331877
5,rand_0,RandomForest,-80.0,"[np.str_('V224'), np.str_('V309'), np.str_('V262'), np.str_('V221'), np.str_('V212')]","{'clf__max_depth': 4, 'clf__min_samples_leaf': 9, 'clf__n_estimators': 403}",0.585,0.5844791132278945,0.6053077220152312
5,rand_0,LightGBM,-85.0,"[np.str_('V224'), np.str_('V309'), np.str_('V262'), np.str_('V221'), np.str_('V212')]","{'clf__learning_rate': np.float64(0.018968367710792175), 'clf__max_depth': 4, 'clf__n_estimators': 267, 'clf__num_leaves': 35, 'clf__subsample': np.float64(0.664083523552488)}",0.5630000000000001,0.5625666837461831,0.5742207139265963
7,top,GradientBoosting,-90.0,"['V255', 'V191', 'V176', 'V380', 'V160', 'V416', 'V224']","{'clf__learning_rate': np.float64(0.08612990916378668), 'clf__max_depth': 2, 'clf__n_estimators': 187, 'clf__subsample': np.float64(0.7185652978509862)}",0.6446666666666667,0.6444672368157679,0.656888593735029
6,rand_2,LightGBM,-100.0,"[np.str_('V255'), np.str_('V176'), np.str_('V160'), np.str_('V416'), np.str_('V262'), np.str_('V175')]","{'clf__learning_rate': np.float64(0.05501111167975336), 'clf__max_depth': 4, 'clf__n_estimators': 247, 'clf__num_leaves': 27, 'clf__subsample': np.float64(0.9394734067154433)}",0.59,0.5897267405974952,0.5999746876758957
7,top,ExtraTrees,-115.0,"['V255', 'V191', 'V176', 'V380', 'V160', 'V416', 'V224']","{'clf__max_depth': 8, 'clf__min_samples_leaf': 1, 'clf__n_estimators': 323}",0.643,0.642559244049243,0.6741378050424053
7,top,SVM_RBF,-125.0,"['V255', 'V191', 'V176', 'V380', 'V160', 'V416', 'V224']","{'clf__C': np.float64(6.393794237097354), 'clf__gamma': np.float64(0.016644299518966215)}",0.649,0.6485273923948528,0.6842236266298399
7,top,XGBoost,-130.0,"['V255', 'V191', 'V176', 'V380', 'V160', 'V416', 'V224']","{'clf__colsample_bytree': np.float64(0.7648277835860277), 'clf__learning_rate': np.float64(0.01723516600205961), 'clf__max_depth': 3, 'clf__n_estimators': 230, 'clf__subsample': np.float64(0.6904253682679529)}",0.6456666666666667,0.6453958840062203,0.6623739614070286
5,rand_0,LogRegl1,-135.0,"[np.str_('V224'), np.str_('V309'), np.str_('V262'), np.str_('V221'), np.str_('V212')]",{'clf__C': np.float64(0.015166336526237672)},0.5493333333333333,0.5491064433147671,0.5524263006237927
5,rand_1,LogRegl1,-140.0,"[np.str_('V416'), np.str_('V309'), np.str_('V11'), np.str_('V262'), np.str_('V175')]",{'clf__C': np.float64(0.022468759419183908)},0.5666666666666668,0.5665374432527236,0.5681880917237917
7,top+1,ExtraTrees,-145.0,"['V191', 'V176', 'V380', 'V160', 'V416', 'V224', 'V377']","{'clf__max_depth': 8, 'clf__min_samples_leaf': 7, 'clf__n_estimators': 234}",0.6376666666666667,0.6372470527036863,0.6660060742429946
7,top,LightGBM,-150.0,"['V255', 'V191', 'V176', 'V380', 'V160', 'V416', 'V224']","{'clf__learning_rate': np.float64(0.018618814067432626), 'clf__max_depth': 6, 'clf__n_estimators': 484, 'clf__num_leaves': 15, 'clf__subsample': np.float64(0.8804927450629726)}",0.633,0.6327969361535223,0.6430630289745314
7,top+1,SVM_RBF,-150.0,"['V191', 'V176', 'V380', 'V160', 'V416', 'V224', 'V377']","{'clf__C': np.float64(6.393794237097354), 'clf__gamma': np.float64(0.016644299518966215)}",0.6316666666666667,0.6310502380195587,0.6757036454006151
7,rand_1,ExtraTrees,-160.0,"[np.str_('V255'), np.str_('V191'), np.str_('V380'), np.str_('V160'), np.str_('V416'), np.str_('V224'), np.str_('V390')]","{'clf__max_depth': 6, 'clf__min_samples_leaf': 4, 'clf__n_estimators': 383}",0.6376666666666666,0.6371524368183814,0.6741317727881709
7,top+1,GradientBoosting,-165.0,"['V191', 'V176', 'V380', 'V160', 'V416', 'V224', 'V377']","{'clf__learning_rate': np.float64(0.05501111167975336), 'clf__max_depth': 3, 'clf__n_estimators': 147, 'clf__subsample': np.float64(0.6281833256741867)}",0.6273333333333333,0.6271161987957852,0.6382110988438877
5,rand_1,LogRegl2,-165.0,"[np.str_('V416'), np.str_('V309'), np.str_('V11'), np.str_('V262'), np.str_('V175')]",{'clf__C': np.float64(0.16644299518966227)},0.568,0.5679108122137851,0.5680379821428646
7,top+2,XGBoost,-165.0,"['V176', 'V380', 'V160', 'V416', 'V224', 'V377', 'V390']","{'clf__colsample_bytree': np.float64(0.7648277835860277), 'clf__learning_rate': np.float64(0.01723516600205961), 'clf__max_depth': 3, 'clf__n_estimators': 230, 'clf__subsample': np.float64(0.6904253682679529)}",0.6286666666666667,0.6283794118154679,0.6448008580967634
7,top,RandomForest,-165.0,"['V255', 'V191', 'V176', 'V380', 'V160', 'V416', 'V224']","{'clf__max_depth': 8, 'clf__min_samples_leaf': 7, 'clf__n_estimators': 401}",0.6453333333333334,0.6450698859771772,0.6624830138045997
7,top+1,XGBoost,-170.0,"['V191', 'V176', 'V380', 'V160', 'V416', 'V224', 'V377']","{'clf__colsample_bytree': np.float64(0.9771170310658897), 'clf__learning_rate': np.float64(0.018968367710792175), 'clf__max_depth': 4, 'clf__n_estimators': 267, 'clf__subsample': np.float64(0.6482976441389584)}",0.6316666666666667,0.6314454947273466,0.6435660326547479
7,rand_1,GradientBoosting,-175.0,"[np.str_('V255'), np.str_('V191'), np.str_('V380'), np.str_('V160'), np.str_('V416'), np.str_('V224'), np.str_('V390')]","{'clf__learning_rate': np.float64(0.08612990916378668), 'clf__max_depth': 2, 'clf__n_estimators': 187, 'clf__subsample': np.float64(0.7185652978509862)}",0.6383333333333333,0.6380977069532173,0.6506830264297409
7,top+2,GradientBoosting,-175.0,"['V176', 'V380', 'V160', 'V416', 'V224', 'V377', 'V390']","{'clf__learning_rate': np.float64(0.034607386039615676), 'clf__max_depth': 3, 'clf__n_estimators': 138, 'clf__subsample': np.float64(0.8612364919499478)}",0.6246666666666667,0.6243460270417829,0.6428098004763875
7,top+2,ExtraTrees,-180.0,"['V176', 'V380', 'V160', 'V416', 'V224', 'V377', 'V390']","{'clf__max_depth': 6, 'clf__min_samples_leaf': 2, 'clf__n_estimators': 238}",0.628,0.6274788020349448,0.6624687377995276
7,rand_1,XGBoost,-185.0,"[np.str_('V255'), np.str_('V191'), np.str_('V380'), np.str_('V160'), np.str_('V416'), np.str_('V224'), np.str_('V390')]","{'clf__colsample_bytree': np.float64(0.7648277835860277), 'clf__learning_rate': np.float64(0.01723516600205961), 'clf__max_depth': 3, 'clf__n_estimators': 230, 'clf__subsample': np.float64(0.6904253682679529)}",0.633,0.6326496059697709,0.6537205254227372
7,rand_1,RandomForest,-190.0,"[np.str_('V255'), np.str_('V191'), np.str_('V380'), np.str_('V160'), np.str_('V416'), np.str_('V224'), np.str_('V390')]","{'clf__max_depth': 9, 'clf__min_samples_leaf': 9, 'clf__n_estimators': 295}",0.6333333333333333,0.6330130055596737,0.652236351537864
7,top+2,RandomForest,-190.0,"['V176', 'V380', 'V160', 'V416', 'V224', 'V377', 'V390']","{'clf__max_depth': 11, 'clf__min_samples_leaf': 15, 'clf__n_estimators': 251}",0.628,0.6278361447658942,0.6368295251985091
6,top,LogRegl2,-195.0,"['V255', 'V191', 'V176', 'V380', 'V160', 'V416']",{'clf__C': np.float64(2.197148278547012)},0.5663333333333332,0.5662848468005203,0.5653027187956323
6,top,LogRegl1,-195.0,"['V255', 'V191', 'V176', 'V380', 'V160', 'V416']",{'clf__C': np.float64(2.197148278547012)},0.566,0.5659495013947523,0.5650065863965129
7,rand_1,SVM_RBF,-195.0,"[np.str_('V255'), np.str_('V191'), np.str_('V380'), np.str_('V160'), np.str_('V416'), np.str_('V224'), np.str_('V390')]","{'clf__C': np.float64(48.01761562402178), 'clf__gamma': np.float64(0.008644104356930561)}",0.6323333333333333,0.6317615493593388,0.6710773801383386
7,top+2,LightGBM,-205.0,"['V176', 'V380', 'V160', 'V416', 'V224', 'V377', 'V390']","{'clf__learning_rate': np.float64(0.018968367710792175), 'clf__max_depth': 4, 'clf__n_estimators': 267, 'clf__num_leaves': 35, 'clf__subsample': np.float64(0.664083523552488)}",0.6223333333333333,0.6220326039984505,0.6402182012409278
5,rand_0,LogRegl2,-205.0,"[np.str_('V224'), np.str_('V309'), np.str_('V262'), np.str_('V221'), np.str_('V212')]",{'clf__C': np.float64(0.041924993150460804)},0.549,0.5488750200488904,0.5491291468578822
7,rand_0,ExtraTrees,-210.0,"[np.str_('V255'), np.str_('V191'), np.str_('V416'), np.str_('V377'), np.str_('V309'), np.str_('V262'), np.str_('V212')]","{'clf__max_depth': 8, 'clf__min_samples_leaf': 1, 'clf__n_estimators': 323}",0.6103333333333333,0.6098991550927629,0.6338049687899555
7,rand_1,LightGBM,-210.0,"[np.str_('V255'), np.str_('V191'), np.str_('V380'), np.str_('V160'), np.str_('V416'), np.str_('V224'), np.str_('V390')]","{'clf__learning_rate': np.float64(0.018968367710792175), 'clf__max_depth': 4, 'clf__n_estimators': 267, 'clf__num_leaves': 35, 'clf__subsample': np.float64(0.664083523552488)}",0.6206666666666667,0.6203073351974665,0.6405844662480432
7,top+1,RandomForest,-210.0,"['V191', 'V176', 'V380', 'V160', 'V416', 'V224', 'V377']","{'clf__max_depth': 5, 'clf__min_samples_leaf': 9, 'clf__n_estimators': 367}",0.6193333333333334,0.6189046189396957,0.6436766364014006
7,top+1,LightGBM,-220.0,"['V191', 'V176', 'V380', 'V160', 'V416', 'V224', 'V377']","{'clf__learning_rate': np.float64(0.05501111167975336), 'clf__max_depth': 4, 'clf__n_estimators': 247, 'clf__num_leaves': 27, 'clf__subsample': np.float64(0.9394734067154433)}",0.6206666666666667,0.6204859526668055,0.628324657798342
7,top+2,SVM_RBF,-220.0,"['V176', 'V380', 'V160', 'V416', 'V224', 'V377', 'V390']","{'clf__C': np.float64(0.15166336526237675), 'clf__gamma': np.float64(0.109860831937539)}",0.6303333333333333,0.6300707786775704,0.6439581992583739
6,rand_0,LogRegl1,-225.0,"[np.str_('V255'), np.str_('V176'), np.str_('V160'), np.str_('V224'), np.str_('V390'), np.str_('V175')]",{'clf__C': np.float64(0.16644299518966227)},0.5766666666666667,0.5766103985979328,0.576024905239303
6,rand_0,LogRegl2,-245.0,"[np.str_('V255'), np.str_('V176'), np.str_('V160'), np.str_('V224'), np.str_('V390'), np.str_('V175')]",{'clf__C': np.float64(0.041924993150460804)},0.5793333333333334,0.5792804610396418,0.5784334326346775
6,top+1,LogRegl2,-250.0,"['V191', 'V176', 'V380', 'V160', 'V416', 'V224']",{'clf__C': np.float64(0.014177255479383569)},0.5616666666666666,0.5615766112229821,0.5620581840721948
6,top+2,LogRegl1,-250.0,"['V176', 'V380', 'V160', 'V416', 'V224', 'V377']",{'clf__C': np.float64(0.041924993150460804)},0.5613333333333334,0.5612066651059971,0.5631331422560436
6,top+1,LogRegl1,-250.0,"['V191', 'V176', 'V380', 'V160', 'V416', 'V224']",{'clf__C': np.float64(0.6393794237097356)},0.5606666666666668,0.5605879221903886,0.5607445933426222
7,rand_0,XGBoost,-255.0,"[np.str_('V255'), np.str_('V191'), np.str_('V416'), np.str_('V377'), np.str_('V309'), np.str_('V262'), np.str_('V212')]","{'clf__colsample_bytree': np.float64(0.7648277835860277), 'clf__learning_rate': np.float64(0.01723516600205961), 'clf__max_depth': 3, 'clf__n_estimators': 230, 'clf__subsample': np.float64(0.6904253682679529)}",0.6126666666666667,0.6123391286633164,0.6306145798465731
7,rand_0,RandomForest,-260.0,"[np.str_('V255'), np.str_('V191'), np.str_('V416'), np.str_('V377'), np.str_('V309'), np.str_('V262'), np.str_('V212')]","{'clf__max_depth': 4, 'clf__min_samples_leaf': 9, 'clf__n_estimators': 403}",0.6073333333333334,0.6068610731889205,0.6334129261930084
7,rand_2,RandomForest,-265.0,"[np.str_('V176'), np.str_('V380'), np.str_('V390'), np.str_('V309'), np.str_('V175'), np.str_('V221'), np.str_('V212')]","{'clf__max_depth': 9, 'clf__min_samples_leaf': 9, 'clf__n_estimators': 295}",0.5963333333333333,0.5960621546967124,0.6065824828664869
7,rand_0,GradientBoosting,-275.0,"[np.str_('V255'), np.str_('V191'), np.str_('V416'), np.str_('V377'), np.str_('V309'), np.str_('V262'), np.str_('V212')]","{'clf__learning_rate': np.float64(0.012447420336780599), 'clf__max_depth': 2, 'clf__n_estimators': 362, 'clf__subsample': np.float64(0.7694648776168372)}",0.6153333333333333,0.6149605301266827,0.6362315909520381
7,rand_2,SVM_RBF,-280.0,"[np.str_('V176'), np.str_('V380'), np.str_('V390'), np.str_('V309'), np.str_('V175'), np.str_('V221'), np.str_('V212')]","{'clf__C': np.float64(83.01235711169913), 'clf__gamma': np.float64(0.001761619320235845)}",0.5916666666666667,0.590920627948283,0.6305533723401159
6,top+2,LogRegl2,-285.0,"['V176', 'V380', 'V160', 'V416', 'V224', 'V377']",{'clf__C': np.float64(0.041924993150460804)},0.558,0.5578879189117734,0.5589099540638202
7,rand_2,XGBoost,-300.0,"[np.str_('V176'), np.str_('V380'), np.str_('V390'), np.str_('V309'), np.str_('V175'), np.str_('V221'), np.str_('V212')]","{'clf__colsample_bytree': np.float64(0.7648277835860277), 'clf__learning_rate': np.float64(0.01723516600205961), 'clf__max_depth': 3, 'clf__n_estimators': 230, 'clf__subsample': np.float64(0.6904253682679529)}",0.5986666666666667,0.5984075257159879,0.6082610632371952
7,rand_0,SVM_RBF,-310.0,"[np.str_('V255'), np.str_('V191'), np.str_('V416'), np.str_('V377'), np.str_('V309'), np.str_('V262'), np.str_('V212')]","{'clf__C': np.float64(83.01235711169913), 'clf__gamma': np.float64(0.001761619320235845)}",0.605,0.6043083698258159,0.6471556063105358
6,rand_2,LogRegl2,-315.0,"[np.str_('V255'), np.str_('V176'), np.str_('V160'), np.str_('V416'), np.str_('V262'), np.str_('V175')]",{'clf__C': np.float64(0.01305676922327696)},0.5546666666666668,0.5546165937594164,0.5534580029194777
7,rand_2,ExtraTrees,-320.0,"[np.str_('V176'), np.str_('V380'), np.str_('V390'), np.str_('V309'), np.str_('V175'), np.str_('V221'), np.str_('V212')]","{'clf__max_depth': 11, 'clf__min_samples_leaf': 1, 'clf__n_estimators': 439}",0.5946666666666666,0.5943247659374976,0.6077876850792285
7,rand_2,GradientBoosting,-320.0,"[np.str_('V176'), np.str_('V380'), np.str_('V390'), np.str_('V309'), np.str_('V175'), np.str_('V221'), np.str_('V212')]","{'clf__learning_rate': np.float64(0.018707545279571126), 'clf__max_depth': 3, 'clf__n_estimators': 316, 'clf__subsample': np.float64(0.7363207269058605)}",0.6016666666666667,0.6014122068430091,0.6111329633829254
7,rand_2,LightGBM,-325.0,"[np.str_('V176'), np.str_('V380'), np.str_('V390'), np.str_('V309'), np.str_('V175'), np.str_('V221'), np.str_('V212')]","{'clf__learning_rate': np.float64(0.011979639074434058), 'clf__max_depth': 4, 'clf__n_estimators': 415, 'clf__num_leaves': 61, 'clf__subsample': np.float64(0.8714226754962524)}",0.6016666666666666,0.6013782393540525,0.6128940110323088
6,rand_1,LogRegl2,-330.0,"[np.str_('V176'), np.str_('V380'), np.str_('V416'), np.str_('V390'), np.str_('V262'), np.str_('V175')]",{'clf__C': np.float64(0.014177255479383569)},0.5603333333333333,0.560308051610613,0.5587230071980805
6,rand_1,LogRegl1,-330.0,"[np.str_('V176'), np.str_('V380'), np.str_('V416'), np.str_('V390'), np.str_('V262'), np.str_('V175')]",{'clf__C': np.float64(0.041924993150460804)},0.5583333333333333,0.5582513448497127,0.5580152211210021
7,rand_0,LightGBM,-335.0,"[np.str_('V255'), np.str_('V191'), np.str_('V416'), np.str_('V377'), np.str_('V309'), np.str_('V262'), np.str_('V212')]","{'clf__learning_rate': np.float64(0.01659816376671886), 'clf__max_depth': 5, 'clf__n_estimators': 402, 'clf__num_leaves': 28, 'clf__subsample': np.float64(0.8698475964977794)}",0.6163333333333334,0.6160965496630443,0.628528620102305
6,rand_2,LogRegl1,-340.0,"[np.str_('V255'), np.str_('V176'), np.str_('V160'), np.str_('V416'), np.str_('V262'), np.str_('V175')]",{'clf__C': np.float64(0.16644299518966227)},0.555,0.5549433053348968,0.553823165939208
7,top,LogRegl2,-370.0,"['V255', 'V191', 'V176', 'V380', 'V160', 'V416', 'V224']",{'clf__C': np.float64(0.02927482923116903)},0.5569999999999999,0.5569145834188883,0.5568049943834154
7,top,LogRegl1,-375.0,"['V255', 'V191', 'V176', 'V380', 'V160', 'V416', 'V224']",{'clf__C': np.float64(0.16644299518966227)},0.559,0.5589139553690781,0.5589419121514045
7,top+1,LogRegl1,-400.0,"['V191', 'V176', 'V380', 'V160', 'V416', 'V224', 'V377']",{'clf__C': np.float64(2.197148278547012)},0.564,0.5638854013800737,0.5652631636215193
7,top+1,LogRegl2,-405.0,"['V191', 'V176', 'V380', 'V160', 'V416', 'V224', 'V377']",{'clf__C': np.float64(0.041924993150460804)},0.5636666666666666,0.5635460691643274,0.5650403068700857
7,rand_1,LogRegl1,-410.0,"[np.str_('V255'), np.str_('V191'), np.str_('V380'), np.str_('V160'), np.str_('V416'), np.str_('V224'), np.str_('V390')]",{'clf__C': np.float64(0.022468759419183908)},0.5603333333333333,0.5601806416627024,0.5622093516100802
7,rand_2,LogRegl1,-415.0,"[np.str_('V176'), np.str_('V380'), np.str_('V390'), np.str_('V309'), np.str_('V175'), np.str_('V221'), np.str_('V212')]",{'clf__C': np.float64(0.041924993150460804)},0.5579999999999999,0.5579705869011279,0.5561146603678969
7,rand_1,LogRegl2,-420.0,"[np.str_('V255'), np.str_('V191'), np.str_('V380'), np.str_('V160'), np.str_('V416'), np.str_('V224'), np.str_('V390')]",{'clf__C': np.float64(0.6393794237097356)},0.5536666666666666,0.5535938034175744,0.5527300286970548
7,rand_2,LogRegl2,-435.0,"[np.str_('V176'), np.str_('V380'), np.str_('V390'), np.str_('V309'), np.str_('V175'), np.str_('V221'), np.str_('V212')]",{'clf__C': np.float64(0.16644299518966227)},0.5626666666666666,0.5626954296088937,0.5594339815628299
7,top+2,LogRegl2,-435.0,"['V176', 'V380', 'V160', 'V416', 'V224', 'V377', 'V390']",{'clf__C': np.float64(0.014177255479383569)},0.576,0.5758983467236455,0.5769609715198113
7,top+2,LogRegl1,-445.0,"['V176', 'V380', 'V160', 'V416', 'V224', 'V377', 'V390']",{'clf__C': np.float64(0.041924993150460804)},0.5783333333333333,0.5782350310565515,0.5795010334924112
7,rand_0,LogRegl2,-535.0,"[np.str_('V255'), np.str_('V191'), np.str_('V416'), np.str_('V377'), np.str_('V309'), np.str_('V262'), np.str_('V212')]",{'clf__C': np.float64(0.041924993150460804)},0.5696666666666667,0.5695301510958076,0.5714619042628244
7,rand_0,LogRegl1,-535.0,"[np.str_('V255'), np.str_('V191'), np.str_('V416'), np.str_('V377'), np.str_('V309'), np.str_('V262'), np.str_('V212')]",{'clf__C': np.float64(2.197148278547012)},0.5693333333333334,0.5691974723993737,0.5710440719811034
