k,kind,model,cv_score,cv_score_std,features,best_params,accuracy,accuracy_std,balanced_accuracy,balanced_accuracy_std,precision,precision_std
2,top+1,RandomForest,690.0,39.370039370059054,"['V191', 'V176']","{'clf__max_depth': 9, 'clf__min_samples_leaf': 9, 'clf__n_estimators': 295}",0.5733333333333334,0.0137679176187088,0.572977732010696,0.0137242612086894,0.5848436208165634,0.0173691294318912
2,rand_1,RandomForest,680.0,86.02325267042627,"[np.str_('V191'), np.str_('V416')]","{'clf__max_depth': 11, 'clf__min_samples_leaf': 15, 'clf__n_estimators': 251}",0.5703333333333334,0.0065996632910743,0.5699642835531119,0.0066067354379763,0.5812620124944111,0.0064103997618765
2,rand_1,LightGBM,670.0,56.12486080160912,"[np.str_('V191'), np.str_('V416')]","{'clf__learning_rate': np.float64(0.010354499341257054), 'clf__max_depth': 3, 'clf__n_estimators': 427, 'clf__num_leaves': 42, 'clf__subsample': np.float64(0.9367764923887465)}",0.5876666666666667,0.0041899350299921,0.5870880016832581,0.0041103285132465,0.6134689514269289,0.0048081666766609
2,top+1,ExtraTrees,665.0,25.495097567963924,"['V191', 'V176']","{'clf__max_depth': 8, 'clf__min_samples_leaf': 1, 'clf__n_estimators': 323}",0.5886666666666667,0.0106249183003394,0.5880627510949995,0.0105416590566687,0.6177195948451009,0.0144010419952557
2,rand_1,GradientBoosting,660.0,18.708286933869708,"[np.str_('V191'), np.str_('V416')]","{'clf__learning_rate': np.float64(0.08612990916378668), 'clf__max_depth': 2, 'clf__n_estimators': 187, 'clf__subsample': np.float64(0.7185652978509862)}",0.5796666666666667,0.000471404520791,0.5792744654105393,0.0005477334088941,0.5937822049485335,0.0059507302611178
2,top+1,LightGBM,655.0,32.4037034920393,"['V191', 'V176']","{'clf__learning_rate': np.float64(0.011979639074434058), 'clf__max_depth': 4, 'clf__n_estimators': 415, 'clf__num_leaves': 61, 'clf__subsample': np.float64(0.8714226754962524)}",0.567,0.0078740078740117,0.5667022526013814,0.0079399462176468,0.5749186208854656,0.004926153703578
2,top,RandomForest,655.0,127.27922061357856,"['V255', 'V191']","{'clf__max_depth': 10, 'clf__min_samples_leaf': 12, 'clf__n_estimators': 412}",0.5670000000000001,0.0090921211313238,0.566490906139487,0.0090192360081546,0.582719124550152,0.0108772221877713
2,top,GradientBoosting,650.0,86.02325267042627,"['V255', 'V191']","{'clf__learning_rate': np.float64(0.018707545279571126), 'clf__max_depth': 3, 'clf__n_estimators': 316, 'clf__subsample': np.float64(0.7363207269058605)}",0.5726666666666667,0.0138162545173751,0.5721417299684047,0.0137442265667817,0.5910325858167438,0.0173129088521366
2,top+1,XGBoost,650.0,14.142135623730953,"['V191', 'V176']","{'clf__colsample_bytree': np.float64(0.9781553776273282), 'clf__learning_rate': np.float64(0.024003275755425057), 'clf__max_depth': 3, 'clf__n_estimators': 246, 'clf__subsample': np.float64(0.7911784778845199)}",0.574,0.0107082522694726,0.5736677636519439,0.0107502361599801,0.5843205266440449,0.0086792290666422
2,top,ExtraTrees,640.0,80.31189202104505,"['V255', 'V191']","{'clf__max_depth': 8, 'clf__min_samples_leaf': 1, 'clf__n_estimators': 323}",0.58,0.0102306728354818,0.5793612113879468,0.0101789093125289,0.6072416752315263,0.0102703381242683
2,rand_1,SVM_RBF,640.0,64.8074069840786,"[np.str_('V191'), np.str_('V416')]","{'clf__C': np.float64(0.23522021535538676), 'clf__gamma': np.float64(0.41659447770210534)}",0.5923333333333333,0.0086538366571647,0.5915921386584532,0.0084946667371874,0.6317251492110871,0.0154843019001106
2,top+1,GradientBoosting,640.0,12.24744871391589,"['V191', 'V176']","{'clf__learning_rate': np.float64(0.034607386039615676), 'clf__max_depth': 3, 'clf__n_estimators': 138, 'clf__subsample': np.float64(0.8612364919499478)}",0.5823333333333333,0.0067986926847903,0.5819912359877111,0.0067374397822048,0.5944502743239872,0.0095530697588462
2,rand_1,ExtraTrees,635.0,50.99019513592785,"[np.str_('V191'), np.str_('V416')]","{'clf__max_depth': 5, 'clf__min_samples_leaf': 11, 'clf__n_estimators': 385}",0.5870000000000001,0.0042426406871192,0.5861859919579387,0.0040743907751285,0.6304576422733512,0.0086909169899869
2,top,XGBoost,630.0,113.79806676741042,"['V255', 'V191']","{'clf__colsample_bytree': np.float64(0.9781553776273282), 'clf__learning_rate': np.float64(0.024003275755425057), 'clf__max_depth': 3, 'clf__n_estimators': 246, 'clf__subsample': np.float64(0.7911784778845199)}",0.5713333333333334,0.0158605030044937,0.5708357154590692,0.0157065707221358,0.5886412884193127,0.023131935753293
2,top+1,SVM_RBF,630.0,30.822070014844883,"['V191', 'V176']","{'clf__C': np.float64(0.29274829231169025), 'clf__gamma': np.float64(0.3604693586675808)}",0.5883333333333333,0.0067986926847903,0.5877166974097405,0.0065640908079512,0.6177901494972708,0.0186528091484828
2,top+2,ExtraTrees,630.0,50.99019513592785,"['V176', 'V380']","{'clf__max_depth': 4, 'clf__min_samples_leaf': 9, 'clf__n_estimators': 403}",0.5813333333333333,0.0061824123303304,0.5807598886196905,0.0062180431480689,0.6065674920251001,0.0021336181591954
2,top+2,RandomForest,630.0,43.01162633521314,"['V176', 'V380']","{'clf__max_depth': 5, 'clf__min_samples_leaf': 8, 'clf__n_estimators': 583}",0.5673333333333332,0.0041899350299921,0.5668448412265746,0.0041929863013915,0.5861860069905539,0.0128217928210813
2,rand_1,XGBoost,625.0,53.38539126015655,"[np.str_('V191'), np.str_('V416')]","{'clf__colsample_bytree': np.float64(0.9781553776273282), 'clf__learning_rate': np.float64(0.024003275755425057), 'clf__max_depth': 3, 'clf__n_estimators': 246, 'clf__subsample': np.float64(0.7911784778845199)}",0.5826666666666666,0.0032998316455372,0.5822064988292549,0.0033084917930292,0.6016218985799452,0.0103094369409068
2,top+2,SVM_RBF,615.0,43.01162633521314,"['V176', 'V380']","{'clf__C': np.float64(6.393794237097354), 'clf__gamma': np.float64(0.016644299518966215)}",0.5783333333333333,0.0026246692913372,0.5772137397313243,0.0026379985484985,0.6488493446049052,0.0167448670469717
2,top,LightGBM,615.0,136.56500283747664,"['V255', 'V191']","{'clf__learning_rate': np.float64(0.012306177059893689), 'clf__max_depth': 6, 'clf__n_estimators': 344, 'clf__num_leaves': 41, 'clf__subsample': np.float64(0.684351472066465)}",0.5693333333333334,0.0139124245031394,0.568795022448208,0.0137713250064265,0.5873042721509396,0.0192932355950787
2,top+2,GradientBoosting,610.0,42.42640687119285,"['V176', 'V380']","{'clf__learning_rate': np.float64(0.018968367710792175), 'clf__max_depth': 3, 'clf__n_estimators': 167, 'clf__subsample': np.float64(0.6482976441389584)}",0.575,0.0061644140029689,0.574608979426622,0.0060022898531094,0.5916614743683722,0.0181831593391769
2,top,SVM_RBF,610.0,88.31760866327846,"['V255', 'V191']","{'clf__C': np.float64(48.01761562402178), 'clf__gamma': np.float64(0.008644104356930561)}",0.5723333333333334,0.0097410927974682,0.571232969945407,0.0096611463577802,0.6323831861293162,0.0205407642266765
3,top,ExtraTrees,580.0,28.284271247461906,"['V255', 'V191', 'V176']","{'clf__max_depth': 6, 'clf__min_samples_leaf': 2, 'clf__n_estimators': 238}",0.611,0.0113137084989847,0.6105212246080194,0.0112768237188801,0.6374468480806134,0.0139428754600026
2,top+1,LogRegl1,580.0,63.63961030678928,"['V191', 'V176']",{'clf__C': np.float64(0.03752865635165113)},0.5606666666666666,0.0047842333648023,0.5606107366140588,0.0048754651229792,0.5600482894101434,0.0019662782475178
2,top+1,LogRegl2,570.0,50.99019513592785,"['V191', 'V176']",{'clf__C': np.float64(0.041924993150460804)},0.558,0.0029439202887759,0.5579413335826388,0.0030138802337472,0.5572987802162935,0.0008277671691073
3,top+2,XGBoost,570.0,28.284271247461906,"['V176', 'V380', 'V160']","{'clf__colsample_bytree': np.float64(0.7420988439976136), 'clf__learning_rate': np.float64(0.0108576321750405), 'clf__max_depth': 6, 'clf__n_estimators': 215, 'clf__subsample': np.float64(0.7323701126489202)}",0.5926666666666666,0.0097410927974683,0.5922594801224915,0.0097021349394238,0.610766905056919,0.0133739968495238
3,top,GradientBoosting,565.0,30.822070014844883,"['V255', 'V191', 'V176']","{'clf__learning_rate': np.float64(0.012447420336780599), 'clf__max_depth': 2, 'clf__n_estimators': 362, 'clf__subsample': np.float64(0.7694648776168372)}",0.6143333333333333,0.0122836838484588,0.6139860208874303,0.0122112289992826,0.6320445870817312,0.0149804209970566
3,top,XGBoost,565.0,30.822070014844883,"['V255', 'V191', 'V176']","{'clf__colsample_bytree': np.float64(0.9781553776273282), 'clf__learning_rate': np.float64(0.024003275755425057), 'clf__max_depth': 3, 'clf__n_estimators': 246, 'clf__subsample': np.float64(0.7911784778845199)}",0.6156666666666667,0.0023570226039551,0.6153733039213489,0.0023476016961264,0.6305367298948453,0.0045643041856205
2,top+2,LightGBM,560.0,37.416573867739416,"['V176', 'V380']","{'clf__learning_rate': np.float64(0.010354499341257054), 'clf__max_depth': 3, 'clf__n_estimators': 427, 'clf__num_leaves': 42, 'clf__subsample': np.float64(0.9367764923887465)}",0.5666666666666667,0.0055577773335109,0.5662694526987024,0.005382936631713,0.5815662593191043,0.0161383471556836
3,top+2,RandomForest,560.0,36.742346141747674,"['V176', 'V380', 'V160']","{'clf__max_depth': 5, 'clf__min_samples_leaf': 9, 'clf__n_estimators': 367}",0.6,0.0077888809636986,0.5995223152897369,0.0077121259256338,0.6236387520525452,0.0108099407334874
3,top,SVM_RBF,560.0,21.213203435596427,"['V255', 'V191', 'V176']","{'clf__C': np.float64(0.23522021535538676), 'clf__gamma': np.float64(0.41659447770210534)}",0.6123333333333333,0.0081785627642568,0.6118405978920035,0.0080413470702821,0.639094710480173,0.0141120206929705
3,top,RandomForest,560.0,24.49489742783178,"['V255', 'V191', 'V176']","{'clf__max_depth': 6, 'clf__min_samples_leaf': 2, 'clf__n_estimators': 238}",0.6176666666666666,0.0097410927974683,0.6172387451045492,0.009620887543139,0.6411386962218535,0.0140747367157264
2,top+2,XGBoost,555.0,50.99019513592785,"['V176', 'V380']","{'clf__colsample_bytree': np.float64(0.7648277835860277), 'clf__learning_rate': np.float64(0.01723516600205961), 'clf__max_depth': 3, 'clf__n_estimators': 230, 'clf__subsample': np.float64(0.6904253682679529)}",0.572,0.005715476066494,0.5715822363043898,0.0056810718754651,0.5869842792773876,0.0131636231004212
2,rand_2,SVM_RBF,555.0,7.0710678118654755,"[np.str_('V160'), np.str_('V212')]","{'clf__C': np.float64(0.41924993150460804), 'clf__gamma': np.float64(0.21971482785470117)}",0.5619999999999999,0.0029439202887759,0.5606706848513326,0.0032900352725819,0.6374951551763464,0.0117093587838586
3,rand_2,ExtraTrees,555.0,83.36666000266533,"[np.str_('V176'), np.str_('V416'), np.str_('V224')]","{'clf__max_depth': 9, 'clf__min_samples_leaf': 16, 'clf__n_estimators': 276}",0.595,0.0138804418757713,0.5944882545454777,0.0138056511940496,0.6195949572158496,0.0174042243324037
3,top+1,ExtraTrees,555.0,30.822070014844883,"['V191', 'V176', 'V380']","{'clf__max_depth': 10, 'clf__min_samples_leaf': 6, 'clf__n_estimators': 432}",0.6033333333333334,0.0026246692913372,0.6028843226935187,0.0026517975416762,0.6257959557971134,0.0047877028814023
3,top+2,GradientBoosting,555.0,25.495097567963924,"['V176', 'V380', 'V160']","{'clf__learning_rate': np.float64(0.012447420336780599), 'clf__max_depth': 2, 'clf__n_estimators': 362, 'clf__subsample': np.float64(0.7694648776168372)}",0.6006666666666666,0.0100774776385539,0.6002623410239821,0.0100329593109787,0.6194051261226227,0.0113529104763772
3,rand_2,SVM_RBF,550.0,55.226805085936306,"[np.str_('V176'), np.str_('V416'), np.str_('V224')]","{'clf__C': np.float64(0.3981590402901517), 'clf__gamma': np.float64(0.1977665237300731)}",0.5996666666666667,0.0130213499897497,0.59930170553549,0.0129286834825023,0.6154910882958949,0.0160745665006172
3,top+2,SVM_RBF,535.0,49.49747468305833,"['V176', 'V380', 'V160']","{'clf__C': np.float64(0.1984825563044797), 'clf__gamma': np.float64(0.1314194139850142)}",0.5996666666666667,0.0061824123303304,0.5991916167442697,0.0061588490819585,0.6228286026129094,0.00572581175569
2,rand_2,ExtraTrees,535.0,36.742346141747674,"[np.str_('V160'), np.str_('V212')]","{'clf__max_depth': 5, 'clf__min_samples_leaf': 9, 'clf__n_estimators': 367}",0.56,0.0045460605656619,0.5591326311080905,0.0047685159743869,0.5913324934312082,0.0097220169494372
3,top+2,ExtraTrees,530.0,42.42640687119285,"['V176', 'V380', 'V160']","{'clf__max_depth': 8, 'clf__min_samples_leaf': 7, 'clf__n_estimators': 234}",0.5976666666666666,0.0097410927974683,0.5971409567884666,0.0096798837203447,0.6235056683859875,0.0093582987809181
3,top+2,LightGBM,530.0,36.742346141747674,"['V176', 'V380', 'V160']","{'clf__learning_rate': np.float64(0.010354499341257054), 'clf__max_depth': 3, 'clf__n_estimators': 427, 'clf__num_leaves': 42, 'clf__subsample': np.float64(0.9367764923887465)}",0.5923333333333334,0.0121197726417985,0.5918648332490816,0.012067795732901,0.61400300944676,0.0160667775053685
3,top+1,SVM_RBF,530.0,21.213203435596427,"['V191', 'V176', 'V380']","{'clf__C': np.float64(83.01235711169913), 'clf__gamma': np.float64(0.001761619320235845)}",0.5996666666666667,0.0089566858950296,0.5986443163222963,0.0087636011053674,0.6737853894233664,0.0145134005107102
2,rand_1,LogRegl1,530.0,61.644140029689765,"[np.str_('V191'), np.str_('V416')]",{'clf__C': np.float64(0.6393794237097356)},0.536,0.0170489491367259,0.5358800801541678,0.0170104091271612,0.5361054115985334,0.0194704230615729
3,top+1,RandomForest,530.0,44.15880433163923,"['V191', 'V176', 'V380']","{'clf__max_depth': 4, 'clf__min_samples_leaf': 9, 'clf__n_estimators': 403}",0.6,0.0114309521329881,0.5994296922493921,0.0112788247613611,0.629241166436584,0.0174728058264884
3,rand_2,RandomForest,520.0,95.13148795220224,"[np.str_('V176'), np.str_('V416'), np.str_('V224')]","{'clf__max_depth': 5, 'clf__min_samples_leaf': 11, 'clf__n_estimators': 385}",0.5966666666666667,0.0143836326735942,0.5962049555462744,0.0143250648965374,0.6179100591189407,0.0166860078584614
2,rand_1,LogRegl2,520.0,61.237243569579455,"[np.str_('V191'), np.str_('V416')]",{'clf__C': np.float64(0.041924993150460804)},0.535,0.0145143607047181,0.534876750648278,0.0144799723354361,0.5349579892705513,0.0165366186408552
3,top,LightGBM,515.0,36.742346141747674,"['V255', 'V191', 'V176']","{'clf__learning_rate': np.float64(0.044329708245908296), 'clf__max_depth': 5, 'clf__n_estimators': 225, 'clf__num_leaves': 58, 'clf__subsample': np.float64(0.7864155497496417)}",0.5910000000000001,0.0098994949366116,0.5907860444913541,0.0099253951112579,0.5980161038152096,0.010232805109015
3,top+1,GradientBoosting,510.0,39.370039370059054,"['V191', 'V176', 'V380']","{'clf__learning_rate': np.float64(0.012447420336780599), 'clf__max_depth': 2, 'clf__n_estimators': 362, 'clf__subsample': np.float64(0.7694648776168372)}",0.6043333333333334,0.0091043335224984,0.6038557708935989,0.008999537859072,0.628474710721527,0.0118357836127659
2,rand_0,SVM_RBF,500.0,39.370039370059054,"[np.str_('V416'), np.str_('V377')]","{'clf__C': np.float64(0.41924993150460804), 'clf__gamma': np.float64(0.21971482785470117)}",0.5566666666666668,0.005557777333511,0.5555432900004204,0.0051196421254983,0.6088593832909479,0.0334044484155133
2,rand_2,GradientBoosting,495.0,67.45368781616021,"[np.str_('V160'), np.str_('V212')]","{'clf__learning_rate': np.float64(0.018618814067432626), 'clf__max_depth': 2, 'clf__n_estimators': 164, 'clf__subsample': np.float64(0.8804927450629726)}",0.556,0.0049665548085837,0.5553225413322834,0.0049142614680958,0.581515070474375,0.022290246014176
3,top+1,XGBoost,490.0,67.45368781616021,"['V191', 'V176', 'V380']","{'clf__colsample_bytree': np.float64(0.7648277835860277), 'clf__learning_rate': np.float64(0.01723516600205961), 'clf__max_depth': 3, 'clf__n_estimators': 230, 'clf__subsample': np.float64(0.6904253682679529)}",0.6016666666666667,0.0060184900284226,0.6012923506372221,0.0059209844552092,0.6183817909968274,0.0082410270297974
3,rand_2,XGBoost,485.0,0.0,"[np.str_('V176'), np.str_('V416'), np.str_('V224')]","{'clf__colsample_bytree': np.float64(0.9771170310658897), 'clf__learning_rate': np.float64(0.018968367710792175), 'clf__max_depth': 4, 'clf__n_estimators': 267, 'clf__subsample': np.float64(0.6482976441389584)}",0.6023333333333333,0.0185172592164415,0.6020151501530472,0.0185300369735297,0.6160936494317938,0.0168392776823406
3,rand_2,GradientBoosting,485.0,64.8074069840786,"[np.str_('V176'), np.str_('V416'), np.str_('V224')]","{'clf__learning_rate': np.float64(0.01723516600205961), 'clf__max_depth': 2, 'clf__n_estimators': 130, 'clf__subsample': np.float64(0.6904253682679529)}",0.601,0.0175689119374726,0.6006130929855487,0.0175048529903757,0.6181978023560365,0.0205810443183284
2,top,LogRegl1,480.0,62.849025449882674,"['V255', 'V191']",{'clf__C': np.float64(0.16644299518966227)},0.5486666666666667,0.0114697670227235,0.5485671895832169,0.0114631636364643,0.5483781480709443,0.0114060385470456
2,rand_0,ExtraTrees,470.0,123.89511693363868,"[np.str_('V416'), np.str_('V377')]","{'clf__max_depth': 5, 'clf__min_samples_leaf': 9, 'clf__n_estimators': 367}",0.564,0.0241246761636296,0.5632235911849914,0.0240128259098053,0.5920728226448829,0.0362255232639112
2,rand_0,GradientBoosting,465.0,110.4536101718726,"[np.str_('V416'), np.str_('V377')]","{'clf__learning_rate': np.float64(0.018618814067432626), 'clf__max_depth': 2, 'clf__n_estimators': 164, 'clf__subsample': np.float64(0.8804927450629726)}",0.5609999999999999,0.0176823829464997,0.560348115080557,0.0176664005237898,0.5839086270300444,0.0268816775012041
2,top,LogRegl2,465.0,50.99019513592785,"['V255', 'V191']",{'clf__C': np.float64(0.041924993150460804)},0.547,0.012675435561221,0.5469004961694528,0.0126585241449778,0.5466536763021536,0.0128600303350671
3,top+1,LightGBM,460.0,46.36809247747852,"['V191', 'V176', 'V380']","{'clf__learning_rate': np.float64(0.010354499341257054), 'clf__max_depth': 3, 'clf__n_estimators': 427, 'clf__num_leaves': 42, 'clf__subsample': np.float64(0.9367764923887465)}",0.5983333333333333,0.007586537784494,0.5978582882652901,0.0074787215207424,0.6208101029763333,0.0104814695219159
2,rand_2,LightGBM,460.0,21.213203435596427,"[np.str_('V160'), np.str_('V212')]","{'clf__learning_rate': np.float64(0.010354499341257054), 'clf__max_depth': 3, 'clf__n_estimators': 427, 'clf__num_leaves': 42, 'clf__subsample': np.float64(0.9367764923887465)}",0.5593333333333333,0.0051854497287013,0.5589446206063194,0.0051770592078309,0.5695476753920045,0.0101283003023644
4,top+1,XGBoost,455.0,57.87918451395112,"['V191', 'V176', 'V380', 'V160']","{'clf__colsample_bytree': np.float64(0.7648277835860277), 'clf__learning_rate': np.float64(0.01723516600205961), 'clf__max_depth': 3, 'clf__n_estimators': 230, 'clf__subsample': np.float64(0.6904253682679529)}",0.624,0.0035590260840104,0.6236574888435265,0.0035150246411828,0.6426961900329421,0.0040646303653452
2,rand_0,RandomForest,450.0,98.2344135219425,"[np.str_('V416'), np.str_('V377')]","{'clf__max_depth': 6, 'clf__min_samples_leaf': 4, 'clf__n_estimators': 383}",0.5579999999999999,0.0157480157480235,0.5573433529893257,0.0157373161216706,0.5785206718346253,0.0222066772292529
3,rand_2,LightGBM,450.0,50.99019513592785,"[np.str_('V176'), np.str_('V416'), np.str_('V224')]","{'clf__learning_rate': np.float64(0.049995476341841996), 'clf__max_depth': 5, 'clf__n_estimators': 220, 'clf__num_leaves': 50, 'clf__subsample': np.float64(0.9046322502830205)}",0.598,0.0169705627484771,0.5977417086032148,0.0169484190607593,0.6077659449020582,0.0171090477879316
4,top+1,GradientBoosting,445.0,14.142135623730953,"['V191', 'V176', 'V380', 'V160']","{'clf__learning_rate': np.float64(0.018707545279571126), 'clf__max_depth': 3, 'clf__n_estimators': 316, 'clf__subsample': np.float64(0.7363207269058605)}",0.62,0.0053541261347363,0.6196947592532037,0.0052962952446358,0.6357072069862141,0.0062472304380393
2,rand_2,RandomForest,445.0,63.63961030678928,"[np.str_('V160'), np.str_('V212')]","{'clf__max_depth': 4, 'clf__min_samples_leaf': 9, 'clf__n_estimators': 403}",0.5563333333333333,0.0088065632090819,0.555543177434567,0.0087440234241186,0.5875840641523298,0.0245102132039799
4,top+1,SVM_RBF,445.0,49.49747468305833,"['V191', 'V176', 'V380', 'V160']","{'clf__C': np.float64(4.721229607750618), 'clf__gamma': np.float64(0.06832788177059916)}",0.6263333333333333,0.009030811456096,0.6258182617784745,0.0089047081928141,0.6592183125198184,0.0137760552198506
2,top+2,LogRegl1,440.0,14.142135623730953,"['V176', 'V380']",{'clf__C': np.float64(3.5160136332131073)},0.5396666666666666,0.0041899350299921,0.539618240968377,0.0043032886021119,0.5383192015544956,0.0024187531972112
2,top+2,LogRegl2,440.0,14.142135623730953,"['V176', 'V380']",{'clf__C': np.float64(0.041924993150460804)},0.5396666666666667,0.003681787005729,0.5396162343093651,0.0037841157505762,0.538427413829667,0.0024452047559367
2,rand_2,XGBoost,435.0,49.49747468305833,"[np.str_('V160'), np.str_('V212')]","{'clf__colsample_bytree': np.float64(0.9771170310658897), 'clf__learning_rate': np.float64(0.018968367710792175), 'clf__max_depth': 4, 'clf__n_estimators': 267, 'clf__subsample': np.float64(0.6482976441389584)}",0.5486666666666666,0.0047842333648024,0.5483697181521495,0.0048329741497376,0.5532053615687186,0.0062432228726246
4,top,ExtraTrees,435.0,42.42640687119285,"['V255', 'V191', 'V176', 'V380']","{'clf__max_depth': 11, 'clf__min_samples_leaf': 1, 'clf__n_estimators': 439}",0.6236666666666667,0.0071336448530109,0.6232021403976695,0.0071003197220633,0.6514917057712187,0.0098167815601842
2,rand_0,XGBoost,420.0,130.95800853708795,"[np.str_('V416'), np.str_('V377')]","{'clf__colsample_bytree': np.float64(0.7648277835860277), 'clf__learning_rate': np.float64(0.01723516600205961), 'clf__max_depth': 3, 'clf__n_estimators': 230, 'clf__subsample': np.float64(0.6904253682679529)}",0.556,0.0126754355612209,0.5555692526677974,0.0126754239475971,0.5663712002335805,0.0163795778672119
4,top+1,ExtraTrees,420.0,68.19090848492928,"['V191', 'V176', 'V380', 'V160']","{'clf__max_depth': 8, 'clf__min_samples_leaf': 1, 'clf__n_estimators': 323}",0.6266666666666666,0.0096724120856979,0.6261062396384908,0.0096359540683614,0.6638805226533647,0.0101271899519098
4,top,GradientBoosting,415.0,30.822070014844883,"['V255', 'V191', 'V176', 'V380']","{'clf__learning_rate': np.float64(0.012447420336780599), 'clf__max_depth': 2, 'clf__n_estimators': 362, 'clf__subsample': np.float64(0.7694648776168372)}",0.6243333333333334,0.0114406682011536,0.6239515796987481,0.011336210557566,0.6459305242739237,0.0153556215578545
4,top+1,RandomForest,405.0,42.42640687119285,"['V191', 'V176', 'V380', 'V160']","{'clf__max_depth': 11, 'clf__min_samples_leaf': 15, 'clf__n_estimators': 251}",0.6253333333333333,0.0041096093353126,0.6251555342130228,0.0040599441721129,0.6332803512512798,0.0055644097395683
4,top,RandomForest,400.0,14.142135623730953,"['V255', 'V191', 'V176', 'V380']","{'clf__max_depth': 8, 'clf__min_samples_leaf': 7, 'clf__n_estimators': 401}",0.622,0.0053541261347363,0.621614128963323,0.0052418943371865,0.6435804868063447,0.0101637631962458
3,top,LogRegl2,400.0,18.708286933869708,"['V255', 'V191', 'V176']",{'clf__C': np.float64(0.041924993150460804)},0.5676666666666667,0.0078457348639598,0.567648935855032,0.0078848516739221,0.5659322199918676,0.0063372740100071
3,top,LogRegl1,400.0,7.0710678118654755,"['V255', 'V191', 'V176']",{'clf__C': np.float64(0.041924993150460804)},0.564,0.0100332779621948,0.5639361495016135,0.0100760731143058,0.5634704821202942,0.0089671278899804
4,top+1,LightGBM,400.0,14.142135623730953,"['V191', 'V176', 'V380', 'V160']","{'clf__learning_rate': np.float64(0.018618814067432626), 'clf__max_depth': 6, 'clf__n_estimators': 484, 'clf__num_leaves': 15, 'clf__subsample': np.float64(0.8804927450629726)}",0.618,0.0049665548085837,0.6177579753682239,0.0049398381023563,0.6295527533418834,0.0103459979552893
4,top+2,ExtraTrees,395.0,18.708286933869708,"['V176', 'V380', 'V160', 'V416']","{'clf__max_depth': 6, 'clf__min_samples_leaf': 2, 'clf__n_estimators': 238}",0.6016666666666667,0.0020548046676563,0.6010769397613139,0.0020722070141714,0.6349815740971881,0.0099010086864506
3,top+1,LogRegl1,395.0,68.19090848492928,"['V191', 'V176', 'V380']",{'clf__C': np.float64(0.09469755543803382)},0.5539999999999999,0.008286535263104,0.5539346163823189,0.0083811319533213,0.5532116130784596,0.0058016197336374
3,rand_1,ExtraTrees,390.0,30.822070014844883,"[np.str_('V160'), np.str_('V175'), np.str_('V212')]","{'clf__max_depth': 10, 'clf__min_samples_leaf': 6, 'clf__n_estimators': 432}",0.5803333333333333,0.0061824123303304,0.5798351074329348,0.0062071588539783,0.6008057333416185,0.0111081850483469
4,top,XGBoost,390.0,32.4037034920393,"['V255', 'V191', 'V176', 'V380']","{'clf__colsample_bytree': np.float64(0.7648277835860277), 'clf__learning_rate': np.float64(0.01723516600205961), 'clf__max_depth': 3, 'clf__n_estimators': 230, 'clf__subsample': np.float64(0.6904253682679529)}",0.6243333333333334,0.0129185482500507,0.6239902338900772,0.0128079420435285,0.6433459571253115,0.0188690172837421
3,top+1,LogRegl2,385.0,43.01162633521314,"['V191', 'V176', 'V380']",{'clf__C': np.float64(0.041924993150460804)},0.5539999999999999,0.0106770782520312,0.5539359496569817,0.0107746440934589,0.5529905323028599,0.008384893236053
4,top,SVM_RBF,385.0,35.35533905932738,"['V255', 'V191', 'V176', 'V380']","{'clf__C': np.float64(0.41924993150460804), 'clf__gamma': np.float64(0.21971482785470117)}",0.6256666666666666,0.0104029910228848,0.6254528851577673,0.0103479170051103,0.6358881080468249,0.0136008742197138
2,rand_0,LightGBM,375.0,98.2344135219425,"[np.str_('V416'), np.str_('V377')]","{'clf__learning_rate': np.float64(0.010354499341257054), 'clf__max_depth': 3, 'clf__n_estimators': 427, 'clf__num_leaves': 42, 'clf__subsample': np.float64(0.9367764923887465)}",0.5483333333333333,0.0130213499897497,0.5478124686794981,0.0130148990072293,0.5604624534036299,0.0177515372935564
4,top,LightGBM,360.0,21.213203435596427,"['V255', 'V191', 'V176', 'V380']","{'clf__learning_rate': np.float64(0.010354499341257054), 'clf__max_depth': 3, 'clf__n_estimators': 427, 'clf__num_leaves': 42, 'clf__subsample': np.float64(0.9367764923887465)}",0.618,0.015121728296285,0.6175941177383882,0.0150218245384195,0.6401210955078047,0.0200112574705764
4,top+2,RandomForest,355.0,43.01162633521314,"['V176', 'V380', 'V160', 'V416']","{'clf__max_depth': 5, 'clf__min_samples_leaf': 9, 'clf__n_estimators': 367}",0.6,0.0129614813968157,0.5994763340347381,0.0128964322036296,0.6264452552850024,0.0165189158502656
4,top+2,GradientBoosting,355.0,25.495097567963924,"['V176', 'V380', 'V160', 'V416']","{'clf__learning_rate': np.float64(0.012447420336780599), 'clf__max_depth': 2, 'clf__n_estimators': 362, 'clf__subsample': np.float64(0.7694648776168372)}",0.6006666666666666,0.0100774776385539,0.6002623410239821,0.0100329593109787,0.6194051261226227,0.0113529104763772
3,rand_1,SVM_RBF,350.0,56.12486080160912,"[np.str_('V160'), np.str_('V175'), np.str_('V212')]","{'clf__C': np.float64(0.1984825563044797), 'clf__gamma': np.float64(0.1314194139850142)}",0.5796666666666667,0.0053124591501697,0.5788451224876212,0.0052968572844517,0.6226206654278873,0.0148064229827315
3,rand_1,RandomForest,350.0,53.38539126015655,"[np.str_('V160'), np.str_('V175'), np.str_('V212')]","{'clf__max_depth': 4, 'clf__min_samples_leaf': 2, 'clf__n_estimators': 564}",0.5796666666666667,0.0103387082795138,0.5792437326231187,0.0102394353493556,0.5980755068093352,0.0218638515871471
4,top+2,SVM_RBF,345.0,44.15880433163923,"['V176', 'V380', 'V160', 'V416']","{'clf__C': np.float64(0.15166336526237675), 'clf__gamma': np.float64(0.109860831937539)}",0.6016666666666667,0.0047842333648024,0.601138987302417,0.00476126665874,0.628827408345834,0.002497874539521
3,rand_1,GradientBoosting,345.0,18.708286933869708,"[np.str_('V160'), np.str_('V175'), np.str_('V212')]","{'clf__learning_rate': np.float64(0.034607386039615676), 'clf__max_depth': 3, 'clf__n_estimators': 138, 'clf__subsample': np.float64(0.8612364919499478)}",0.574,0.0028284271247461,0.5736369756083167,0.0028457597024627,0.5855466921516618,0.0060771461198899
3,rand_1,XGBoost,335.0,76.48529270389177,"[np.str_('V160'), np.str_('V175'), np.str_('V212')]","{'clf__colsample_bytree': np.float64(0.7420988439976136), 'clf__learning_rate': np.float64(0.0108576321750405), 'clf__max_depth': 6, 'clf__n_estimators': 215, 'clf__subsample': np.float64(0.7323701126489202)}",0.5713333333333334,0.0167796172648709,0.570976799787373,0.0167779131163601,0.5827073099390595,0.0231416772533392
4,top+2,XGBoost,335.0,7.0710678118654755,"['V176', 'V380', 'V160', 'V416']","{'clf__colsample_bytree': np.float64(0.7648277835860277), 'clf__learning_rate': np.float64(0.01723516600205961), 'clf__max_depth': 3, 'clf__n_estimators': 230, 'clf__subsample': np.float64(0.6904253682679529)}",0.5963333333333333,0.0086538366571647,0.5959175715464718,0.0086024526397775,0.6150870106889731,0.0103258215024536
4,top+2,LightGBM,330.0,36.742346141747674,"['V176', 'V380', 'V160', 'V416']","{'clf__learning_rate': np.float64(0.010354499341257054), 'clf__max_depth': 3, 'clf__n_estimators': 427, 'clf__num_leaves': 42, 'clf__subsample': np.float64(0.9367764923887465)}",0.5923333333333334,0.0121197726417985,0.5918648332490816,0.012067795732901,0.61400300944676,0.0160667775053685
2,rand_2,LogRegl1,315.0,7.0710678118654755,"[np.str_('V160'), np.str_('V212')]",{'clf__C': np.float64(2.197148278547012)},0.52,0.0149888847706114,0.5197971685346939,0.0149628975286248,0.519507536272786,0.0163978401998293
2,rand_2,LogRegl2,315.0,7.0710678118654755,"[np.str_('V160'), np.str_('V212')]",{'clf__C': np.float64(0.041924993150460804)},0.5203333333333333,0.0144299072146089,0.5201258470871227,0.0144029071487273,0.5199032501490654,0.0157708236933351
3,rand_0,SVM_RBF,315.0,25.495097567963924,"[np.str_('V160'), np.str_('V416'), np.str_('V377')]","{'clf__C': np.float64(0.23522021535538676), 'clf__gamma': np.float64(0.41659447770210534)}",0.5536666666666668,0.003681787005729,0.5528391968398004,0.0035235725592357,0.5802576340094568,0.0149329667233987
3,rand_0,ExtraTrees,305.0,106.7707825203131,"[np.str_('V160'), np.str_('V416'), np.str_('V377')]","{'clf__max_depth': 4, 'clf__min_samples_leaf': 2, 'clf__n_estimators': 564}",0.5630000000000001,0.0193045763140936,0.5621035184085189,0.0191043281092303,0.5997004959149738,0.0358318591624841
5,top,GradientBoosting,305.0,37.416573867739416,"['V255', 'V191', 'V176', 'V380', 'V160']","{'clf__learning_rate': np.float64(0.07717567274870522), 'clf__max_depth': 2, 'clf__n_estimators': 339, 'clf__subsample': np.float64(0.6621992493842985)}",0.644,0.005715476066494,0.6438479805241308,0.0057100073616218,0.6520883340711614,0.0044190247881437
4,rand_2,ExtraTrees,300.0,21.213203435596427,"[np.str_('V191'), np.str_('V160'), np.str_('V11'), np.str_('V212')]","{'clf__max_depth': 5, 'clf__min_samples_leaf': 8, 'clf__n_estimators': 583}",0.5936666666666667,0.0103387082795138,0.5931148717703646,0.0102365389232422,0.619764369767375,0.0127498759331179
3,rand_1,LightGBM,300.0,71.76350047203663,"[np.str_('V160'), np.str_('V175'), np.str_('V212')]","{'clf__learning_rate': np.float64(0.010354499341257054), 'clf__max_depth': 3, 'clf__n_estimators': 427, 'clf__num_leaves': 42, 'clf__subsample': np.float64(0.9367764923887465)}",0.5756666666666667,0.0028674417556808,0.5752543743414527,0.002814452864745,0.5898345592087617,0.0069019805888916
4,rand_2,SVM_RBF,300.0,32.4037034920393,"[np.str_('V191'), np.str_('V160'), np.str_('V11'), np.str_('V212')]","{'clf__C': np.float64(0.41924993150460804), 'clf__gamma': np.float64(0.21971482785470117)}",0.5933333333333333,0.0065489609014628,0.5927234840264273,0.0063851504227018,0.622702842377261,0.0140692589416063
3,rand_2,LogRegl1,300.0,30.822070014844883,"[np.str_('V176'), np.str_('V416'), np.str_('V224')]",{'clf__C': np.float64(0.041924993150460804)},0.5516666666666666,0.0191891172861656,0.5516106587218591,0.0191717538390573,0.5507333578592728,0.0193350601430926
3,rand_2,LogRegl2,295.0,35.35533905932738,"[np.str_('V176'), np.str_('V416'), np.str_('V224')]",{'clf__C': np.float64(0.041924993150460804)},0.5583333333333333,0.0181169043222682,0.5582614848169852,0.0180837755511525,0.5579609261142475,0.0186720122684205
3,top+2,LogRegl1,290.0,12.24744871391589,"['V176', 'V380', 'V160']",{'clf__C': np.float64(2.197148278547012)},0.544,0.012675435561221,0.5439182288052676,0.012709381177202,0.5431501498526892,0.0128870366461999
3,rand_0,RandomForest,285.0,73.824115301167,"[np.str_('V160'), np.str_('V416'), np.str_('V377')]","{'clf__max_depth': 4, 'clf__min_samples_leaf': 9, 'clf__n_estimators': 403}",0.561,0.0096263527187957,0.5602407188666824,0.0095916778676636,0.5897899831649832,0.0190431490313084
3,top+2,LogRegl2,285.0,14.142135623730953,"['V176', 'V380', 'V160']",{'clf__C': np.float64(0.041924993150460804)},0.5436666666666667,0.0138884444373331,0.5435835434498218,0.0139196466752951,0.5428386804944537,0.0141986870280728
4,rand_2,GradientBoosting,280.0,49.49747468305833,"[np.str_('V191'), np.str_('V160'), np.str_('V11'), np.str_('V212')]","{'clf__learning_rate': np.float64(0.05501111167975336), 'clf__max_depth': 3, 'clf__n_estimators': 147, 'clf__subsample': np.float64(0.6281833256741867)}",0.5906666666666666,0.0065996632910744,0.5903040953022739,0.006535504162154,0.6050339706787313,0.0084944575309689
4,rand_2,RandomForest,280.0,49.49747468305833,"[np.str_('V191'), np.str_('V160'), np.str_('V11'), np.str_('V212')]","{'clf__max_depth': 5, 'clf__min_samples_leaf': 8, 'clf__n_estimators': 583}",0.5943333333333333,0.0083798700599843,0.5937061799100473,0.0082879620828675,0.625405511099484,0.0130432644574641
4,rand_2,XGBoost,280.0,62.849025449882674,"[np.str_('V191'), np.str_('V160'), np.str_('V11'), np.str_('V212')]","{'clf__colsample_bytree': np.float64(0.7648277835860277), 'clf__learning_rate': np.float64(0.01723516600205961), 'clf__max_depth': 3, 'clf__n_estimators': 230, 'clf__subsample': np.float64(0.6904253682679529)}",0.5886666666666666,0.0023570226039551,0.5881733531022402,0.0022460128605141,0.6095409855000647,0.0038793816930664
5,top,ExtraTrees,280.0,42.42640687119285,"['V255', 'V191', 'V176', 'V380', 'V160']","{'clf__max_depth': 6, 'clf__min_samples_leaf': 4, 'clf__n_estimators': 383}",0.652,0.0120830459735945,0.6515561682041169,0.0120290738641446,0.6862843441156694,0.0169528108639535
4,rand_1,GradientBoosting,270.0,21.213203435596427,"[np.str_('V380'), np.str_('V416'), np.str_('V377'), np.str_('V175')]","{'clf__learning_rate': np.float64(0.012447420336780599), 'clf__max_depth': 2, 'clf__n_estimators': 362, 'clf__subsample': np.float64(0.7694648776168372)}",0.5986666666666666,0.0084983658559879,0.598292950072787,0.0084693942806513,0.6155780444768609,0.0098879523661077
3,rand_0,GradientBoosting,265.0,110.4536101718726,"[np.str_('V160'), np.str_('V416'), np.str_('V377')]","{'clf__learning_rate': np.float64(0.018618814067432626), 'clf__max_depth': 2, 'clf__n_estimators': 164, 'clf__subsample': np.float64(0.8804927450629726)}",0.5609999999999999,0.0176823829464997,0.560348115080557,0.0176664005237898,0.5839086270300444,0.0268816775012041
5,top,SVM_RBF,260.0,37.416573867739416,"['V255', 'V191', 'V176', 'V380', 'V160']","{'clf__C': np.float64(0.1984825563044797), 'clf__gamma': np.float64(0.1314194139850142)}",0.654,0.0043204937989385,0.6538215127953976,0.0043064780308101,0.664269185865057,0.0039589371197997
5,top,XGBoost,260.0,43.01162633521314,"['V255', 'V191', 'V176', 'V380', 'V160']","{'clf__colsample_bytree': np.float64(0.7694648776168372), 'clf__learning_rate': np.float64(0.018707545279571126), 'clf__max_depth': 4, 'clf__n_estimators': 416, 'clf__subsample': np.float64(0.7363207269058605)}",0.6466666666666667,0.0089566858950296,0.6464780688338746,0.0089398863433965,0.6574099287808964,0.0080763444342129
2,rand_0,LogRegl1,260.0,136.56500283747664,"[np.str_('V416'), np.str_('V377')]",{'clf__C': np.float64(0.09469755543803382)},0.519,0.0245356882927706,0.5184731560441403,0.0243463771232546,0.5240322998777716,0.0307591834683374
4,rand_2,LightGBM,255.0,48.98979485566356,"[np.str_('V191'), np.str_('V160'), np.str_('V11'), np.str_('V212')]","{'clf__learning_rate': np.float64(0.010354499341257054), 'clf__max_depth': 3, 'clf__n_estimators': 427, 'clf__num_leaves': 42, 'clf__subsample': np.float64(0.9367764923887465)}",0.5903333333333333,0.0148174071805952,0.5898061718852097,0.0146568156244923,0.6138500821529851,0.0220586123524017
4,rand_1,SVM_RBF,255.0,56.12486080160912,"[np.str_('V380'), np.str_('V416'), np.str_('V377'), np.str_('V175')]","{'clf__C': np.float64(0.23522021535538676), 'clf__gamma': np.float64(0.41659447770210534)}",0.5873333333333333,0.0083399973354645,0.5870032756988891,0.0084405776701206,0.5986849934848094,0.0056012056989642
5,top+1,ExtraTrees,250.0,64.8074069840786,"['V191', 'V176', 'V380', 'V160', 'V416']","{'clf__max_depth': 6, 'clf__min_samples_leaf': 4, 'clf__n_estimators': 383}",0.6246666666666666,0.0069442222186665,0.6241415222156497,0.0068856544940771,0.6590230408040388,0.0099900997907072
3,rand_0,XGBoost,245.0,97.21111047611792,"[np.str_('V160'), np.str_('V416'), np.str_('V377')]","{'clf__colsample_bytree': np.float64(0.7648277835860277), 'clf__learning_rate': np.float64(0.01723516600205961), 'clf__max_depth': 3, 'clf__n_estimators': 230, 'clf__subsample': np.float64(0.6904253682679529)}",0.5583333333333335,0.0151510909031513,0.5577846538620502,0.0151564887222673,0.5737665521220062,0.0200941893389293
2,rand_0,LogRegl2,245.0,128.64680330268607,"[np.str_('V416'), np.str_('V377')]",{'clf__C': np.float64(0.041924993150460804)},0.5243333333333333,0.0235843639350783,0.5240359949192245,0.0234823911453253,0.5261147635407885,0.0269089990675841
5,top+1,GradientBoosting,245.0,18.708286933869708,"['V191', 'V176', 'V380', 'V160', 'V416']","{'clf__learning_rate': np.float64(0.018707545279571126), 'clf__max_depth': 3, 'clf__n_estimators': 316, 'clf__subsample': np.float64(0.7363207269058605)}",0.621,0.0045460605656619,0.6207014420267947,0.0044821403283301,0.6363592886076411,0.005842455970848
4,rand_1,XGBoost,240.0,42.42640687119285,"[np.str_('V380'), np.str_('V416'), np.str_('V377'), np.str_('V175')]","{'clf__colsample_bytree': np.float64(0.9781553776273282), 'clf__learning_rate': np.float64(0.024003275755425057), 'clf__max_depth': 3, 'clf__n_estimators': 246, 'clf__subsample': np.float64(0.7911784778845199)}",0.592,0.0092014491612281,0.5916761178146542,0.0091726068653573,0.6047736033966671,0.011266230915468
5,top+1,XGBoost,235.0,42.42640687119285,"['V191', 'V176', 'V380', 'V160', 'V416']","{'clf__colsample_bytree': np.float64(0.7694648776168372), 'clf__learning_rate': np.float64(0.018707545279571126), 'clf__max_depth': 4, 'clf__n_estimators': 416, 'clf__subsample': np.float64(0.7363207269058605)}",0.622,0.0123288280059379,0.6217488526408766,0.0122752276735616,0.6346674856890678,0.0148105004392749
5,top+1,RandomForest,235.0,53.38539126015655,"['V191', 'V176', 'V380', 'V160', 'V416']","{'clf__max_depth': 10, 'clf__min_samples_leaf': 12, 'clf__n_estimators': 412}",0.6256666666666667,0.0057348835113617,0.6254201714193384,0.0057346742338113,0.6382905867289664,0.0069669756734306
5,top,RandomForest,235.0,12.24744871391589,"['V255', 'V191', 'V176', 'V380', 'V160']","{'clf__max_depth': 10, 'clf__min_samples_leaf': 6, 'clf__n_estimators': 432}",0.648,0.0077888809636986,0.6477660753081361,0.0077121892767108,0.6619412740612899,0.0111711131249528
5,top+1,SVM_RBF,230.0,77.78174593052023,"['V191', 'V176', 'V380', 'V160', 'V416']","{'clf__C': np.float64(0.15166336526237675), 'clf__gamma': np.float64(0.109860831937539)}",0.6310000000000001,0.0049665548085837,0.630633653717415,0.0048847410379886,0.6532242325932668,0.0098361737976746
4,rand_1,LightGBM,230.0,37.416573867739416,"[np.str_('V380'), np.str_('V416'), np.str_('V377'), np.str_('V175')]","{'clf__learning_rate': np.float64(0.010354499341257054), 'clf__max_depth': 3, 'clf__n_estimators': 427, 'clf__num_leaves': 42, 'clf__subsample': np.float64(0.9367764923887465)}",0.5863333333333333,0.0012472191289246,0.5859106111902973,0.0012519109858477,0.602976925364985,0.0029320634289021
4,top,LogRegl1,230.0,7.0710678118654755,"['V255', 'V191', 'V176', 'V380']",{'clf__C': np.float64(0.6393794237097356)},0.5626666666666665,0.0135728487143348,0.5626315222430809,0.0136261456686042,0.5612145309958431,0.01200206566117
4,rand_1,RandomForest,225.0,64.8074069840786,"[np.str_('V380'), np.str_('V416'), np.str_('V377'), np.str_('V175')]","{'clf__max_depth': 4, 'clf__min_samples_leaf': 9, 'clf__n_estimators': 403}",0.5906666666666666,0.0087305339024725,0.5902014399269201,0.0087021618346813,0.6112313010684197,0.00946696826899
5,top,LightGBM,225.0,30.822070014844883,"['V255', 'V191', 'V176', 'V380', 'V160']","{'clf__learning_rate': np.float64(0.011979639074434058), 'clf__max_depth': 4, 'clf__n_estimators': 415, 'clf__num_leaves': 61, 'clf__subsample': np.float64(0.8714226754962524)}",0.637,0.0069761498454854,0.6367124850344754,0.0069299885498017,0.6539842873176207,0.0078073871626385
4,top,LogRegl2,225.0,12.24744871391589,"['V255', 'V191', 'V176', 'V380']",{'clf__C': np.float64(0.014177255479383569)},0.5626666666666665,0.0135728487143348,0.5626301889684181,0.0136336763533593,0.5612665024851861,0.0118268338307813
3,rand_1,LogRegl1,225.0,25.495097567963924,"[np.str_('V160'), np.str_('V175'), np.str_('V212')]",{'clf__C': np.float64(2.197148278547012)},0.5579999999999999,0.0085244745683629,0.557943947435891,0.0085519870205358,0.5574673915639402,0.0084663990791168
5,top+2,RandomForest,220.0,44.15880433163923,"['V176', 'V380', 'V160', 'V416', 'V224']","{'clf__max_depth': 11, 'clf__min_samples_leaf': 10, 'clf__n_estimators': 381}",0.612,0.0172046505340852,0.6117686798643076,0.017197044644181,0.621862701920645,0.0168111704373973
3,rand_1,LogRegl2,220.0,30.822070014844883,"[np.str_('V160'), np.str_('V175'), np.str_('V212')]",{'clf__C': np.float64(0.041924993150460804)},0.559,0.0084852813742385,0.55894263008148,0.008507440309858,0.5585777781350639,0.008599596163201
4,rand_1,ExtraTrees,215.0,90.27735042633894,"[np.str_('V380'), np.str_('V416'), np.str_('V377'), np.str_('V175')]","{'clf__max_depth': 5, 'clf__min_samples_leaf': 9, 'clf__n_estimators': 367}",0.5876666666666667,0.0149740516301441,0.5871414033401137,0.0148996755934249,0.6106896851610935,0.0195319724535402
5,top+2,ExtraTrees,200.0,104.1633332799983,"['V176', 'V380', 'V160', 'V416', 'V224']","{'clf__max_depth': 4, 'clf__min_samples_leaf': 9, 'clf__n_estimators': 403}",0.6163333333333333,0.0092855921847894,0.61582270911416,0.0092170300606975,0.6465398877845657,0.0092601817579681
5,top+1,LightGBM,200.0,14.142135623730953,"['V191', 'V176', 'V380', 'V160', 'V416']","{'clf__learning_rate': np.float64(0.018618814067432626), 'clf__max_depth': 6, 'clf__n_estimators': 484, 'clf__num_leaves': 15, 'clf__subsample': np.float64(0.8804927450629726)}",0.618,0.0049665548085837,0.6177579753682239,0.0049398381023563,0.6295527533418834,0.0103459979552893
4,top+1,LogRegl1,195.0,53.38539126015655,"['V191', 'V176', 'V380', 'V160']",{'clf__C': np.float64(0.03752865635165113)},0.5593333333333333,0.0059066817155564,0.559276708562702,0.005994025857242,0.5586168486680906,0.0033866022754763
4,rand_0,ExtraTrees,195.0,124.29802894656054,"[np.str_('V191'), np.str_('V224'), np.str_('V377'), np.str_('V221')]","{'clf__max_depth': 9, 'clf__min_samples_leaf': 10, 'clf__n_estimators': 338}",0.5683333333333334,0.017461067804945,0.567855035196079,0.0173939516835763,0.583056277870799,0.0200862412022698
4,top+1,LogRegl2,185.0,18.708286933869708,"['V191', 'V176', 'V380', 'V160']",{'clf__C': np.float64(0.041924993150460804)},0.5523333333333333,0.0032998316455372,0.552283856394417,0.0033608525214118,0.5511814365133954,0.001889870576376
5,top+2,SVM_RBF,180.0,39.370039370059054,"['V176', 'V380', 'V160', 'V416', 'V224']","{'clf__C': np.float64(0.1984825563044797), 'clf__gamma': np.float64(0.1314194139850142)}",0.6173333333333333,0.0140554457615386,0.6170987843066683,0.0139495541164545,0.627816343261761,0.0187946322599537
3,rand_0,LightGBM,175.0,98.2344135219425,"[np.str_('V160'), np.str_('V416'), np.str_('V377')]","{'clf__learning_rate': np.float64(0.010354499341257054), 'clf__max_depth': 3, 'clf__n_estimators': 427, 'clf__num_leaves': 42, 'clf__subsample': np.float64(0.9367764923887465)}",0.5483333333333333,0.0130213499897497,0.5478124686794981,0.0130148990072293,0.5604624534036299,0.0177515372935564
5,top+2,GradientBoosting,175.0,80.31189202104505,"['V176', 'V380', 'V160', 'V416', 'V224']","{'clf__learning_rate': np.float64(0.018968367710792175), 'clf__max_depth': 3, 'clf__n_estimators': 167, 'clf__subsample': np.float64(0.6482976441389584)}",0.612,0.0184028983224563,0.611682037758968,0.018364133149884,0.6272080934031229,0.0192857536698004
5,top+2,XGBoost,170.0,25.495097567963924,"['V176', 'V380', 'V160', 'V416', 'V224']","{'clf__colsample_bytree': np.float64(0.9781553776273282), 'clf__learning_rate': np.float64(0.024003275755425057), 'clf__max_depth': 3, 'clf__n_estimators': 246, 'clf__subsample': np.float64(0.7911784778845199)}",0.6086666666666667,0.0130213499897497,0.6083279104769479,0.012968763900164,0.6246187920606525,0.013843409526274
5,top+2,LightGBM,165.0,37.416573867739416,"['V176', 'V380', 'V160', 'V416', 'V224']","{'clf__learning_rate': np.float64(0.011979639074434058), 'clf__max_depth': 4, 'clf__n_estimators': 415, 'clf__num_leaves': 61, 'clf__subsample': np.float64(0.8714226754962524)}",0.609,0.0101980390271855,0.6086265551743001,0.0101656307651579,0.6274210765210698,0.0091555132558188
4,rand_0,RandomForest,160.0,116.40446726822816,"[np.str_('V191'), np.str_('V224'), np.str_('V377'), np.str_('V221')]","{'clf__max_depth': 6, 'clf__min_samples_leaf': 4, 'clf__n_estimators': 383}",0.5646666666666667,0.0153260852434301,0.5640735866642668,0.0152300054961022,0.583486341562538,0.0196650116995408
4,rand_0,SVM_RBF,155.0,143.0034964607509,"[np.str_('V191'), np.str_('V224'), np.str_('V377'), np.str_('V221')]","{'clf__C': np.float64(6.393794237097354), 'clf__gamma': np.float64(0.016644299518966215)}",0.5726666666666667,0.0244176620957499,0.571729839142319,0.0241679758539791,0.6192838654860765,0.0456728567548259
4,rand_0,LogRegl1,135.0,48.98979485566356,"[np.str_('V191'), np.str_('V224'), np.str_('V377'), np.str_('V221')]",{'clf__C': np.float64(0.017616193202358455)},0.5466666666666666,0.0318468557666564,0.54647798194829,0.0317885784391441,0.5486848163670105,0.0344783789061283
4,rand_0,GradientBoosting,135.0,97.21111047611792,"[np.str_('V191'), np.str_('V224'), np.str_('V377'), np.str_('V221')]","{'clf__learning_rate': np.float64(0.018707545279571126), 'clf__max_depth': 3, 'clf__n_estimators': 316, 'clf__subsample': np.float64(0.7363207269058605)}",0.5626666666666668,0.0258499946271217,0.5622709859327338,0.0257279188355546,0.5731921428169613,0.032251217982047
4,rand_0,XGBoost,130.0,67.45368781616021,"[np.str_('V191'), np.str_('V224'), np.str_('V377'), np.str_('V221')]","{'clf__colsample_bytree': np.float64(0.7648277835860277), 'clf__learning_rate': np.float64(0.01723516600205961), 'clf__max_depth': 3, 'clf__n_estimators': 230, 'clf__subsample': np.float64(0.6904253682679529)}",0.5683333333333334,0.0224251842554055,0.5678557482624914,0.0223327233407391,0.5831347806964935,0.0276348848156402
6,top+1,ExtraTrees,115.0,37.416573867739416,"['V191', 'V176', 'V380', 'V160', 'V416', 'V224']","{'clf__max_depth': 10, 'clf__min_samples_leaf': 6, 'clf__n_estimators': 432}",0.6286666666666667,0.0074087035902976,0.6282923095101981,0.0073377050155321,0.6507479730501313,0.0081118354819966
4,rand_2,LogRegl1,100.0,43.01162633521314,"[np.str_('V191'), np.str_('V160'), np.str_('V11'), np.str_('V212')]",{'clf__C': np.float64(0.01305676922327696)},0.5293333333333333,0.0197371617907833,0.5288674890661371,0.0194066216289286,0.536494444991571,0.0289826459159616
6,top,ExtraTrees,95.0,80.31189202104505,"['V255', 'V191', 'V176', 'V380', 'V160', 'V416']","{'clf__max_depth': 5, 'clf__min_samples_leaf': 8, 'clf__n_estimators': 583}",0.6546666666666666,0.0122565175405668,0.6542389314502605,0.0122328529650231,0.687925692735723,0.0110019718327154
4,rand_0,LogRegl2,90.0,120.6233808181482,"[np.str_('V191'), np.str_('V224'), np.str_('V377'), np.str_('V221')]",{'clf__C': np.float64(0.041924993150460804)},0.5393333333333333,0.0280158685192675,0.5392698013883861,0.0280157634574966,0.5380991399460493,0.027883526059637
4,rand_0,LightGBM,90.0,120.6233808181482,"[np.str_('V191'), np.str_('V224'), np.str_('V377'), np.str_('V221')]","{'clf__learning_rate': np.float64(0.011979639074434058), 'clf__max_depth': 4, 'clf__n_estimators': 415, 'clf__num_leaves': 61, 'clf__subsample': np.float64(0.8714226754962524)}",0.5516666666666666,0.0142906340734839,0.5512532766288628,0.0141947102643641,0.5604508123146131,0.0175778972568797
4,top+2,LogRegl1,90.0,12.24744871391589,"['V176', 'V380', 'V160', 'V416']",{'clf__C': np.float64(2.197148278547012)},0.544,0.012675435561221,0.5439182288052676,0.012709381177202,0.5431501498526892,0.0128870366461999
4,top+2,LogRegl2,90.0,12.24744871391589,"['V176', 'V380', 'V160', 'V416']",{'clf__C': np.float64(0.014177255479383569)},0.545,0.0144452991200135,0.5449035777441782,0.0144857983249875,0.5444007505545528,0.0146225303308811
6,top+1,XGBoost,80.0,32.4037034920393,"['V191', 'V176', 'V380', 'V160', 'V416', 'V224']","{'clf__colsample_bytree': np.float64(0.7694648776168372), 'clf__learning_rate': np.float64(0.018707545279571126), 'clf__max_depth': 4, 'clf__n_estimators': 416, 'clf__subsample': np.float64(0.7363207269058605)}",0.625,0.0110453610171872,0.624744913751662,0.0110033723097107,0.6379323143368087,0.0119873021470959
6,top,GradientBoosting,70.0,37.416573867739416,"['V255', 'V191', 'V176', 'V380', 'V160', 'V416']","{'clf__learning_rate': np.float64(0.05501111167975336), 'clf__max_depth': 3, 'clf__n_estimators': 147, 'clf__subsample': np.float64(0.6281833256741867)}",0.6469999999999999,0.0070710678118654,0.6468380618199693,0.0070877450662427,0.6562607499140007,0.003891884588574
4,rand_2,LogRegl2,70.0,49.49747468305833,"[np.str_('V191'), np.str_('V160'), np.str_('V11'), np.str_('V212')]",{'clf__C': np.float64(2.197148278547012)},0.5483333333333333,0.0251705295048704,0.5482853258384647,0.0251951837901484,0.5468183433321764,0.0244552205450961
6,top+1,GradientBoosting,70.0,35.35533905932738,"['V191', 'V176', 'V380', 'V160', 'V416', 'V224']","{'clf__learning_rate': np.float64(0.014664764980527122), 'clf__max_depth': 3, 'clf__n_estimators': 332, 'clf__subsample': np.float64(0.7898537859085607)}",0.624,0.0147648230602334,0.6236842494350618,0.0147000110754856,0.640820966908624,0.0175420720320946
6,top,XGBoost,70.0,30.822070014844883,"['V255', 'V191', 'V176', 'V380', 'V160', 'V416']","{'clf__colsample_bytree': np.float64(0.8698475964977794), 'clf__learning_rate': np.float64(0.06224942473745767), 'clf__max_depth': 3, 'clf__n_estimators': 305, 'clf__subsample': np.float64(0.8157818507942942)}",0.641,0.0035590260840104,0.6408212248679134,0.0035172320542473,0.6503086594613271,0.003932712182549
3,rand_0,LogRegl1,60.0,136.56500283747664,"[np.str_('V160'), np.str_('V416'), np.str_('V377')]",{'clf__C': np.float64(0.09469755543803382)},0.519,0.0245356882927706,0.5184731560441403,0.0243463771232546,0.5240322998777716,0.0307591834683374
6,top,SVM_RBF,55.0,60.41522986797286,"['V255', 'V191', 'V176', 'V380', 'V160', 'V416']","{'clf__C': np.float64(6.393794237097354), 'clf__gamma': np.float64(0.016644299518966215)}",0.6553333333333333,0.0089566858950296,0.6548162328189324,0.0088898074300171,0.6973684280555807,0.0114193616031244
5,rand_2,RandomForest,55.0,44.15880433163923,"[np.str_('V380'), np.str_('V224'), np.str_('V11'), np.str_('V175'), np.str_('V212')]","{'clf__max_depth': 9, 'clf__min_samples_leaf': 16, 'clf__n_estimators': 276}",0.5923333333333334,0.0110855260988772,0.5920148571302368,0.011123703699295,0.6049928369814613,0.007476265355855
6,top+1,SVM_RBF,45.0,25.495097567963924,"['V191', 'V176', 'V380', 'V160', 'V416', 'V224']","{'clf__C': np.float64(0.1984825563044797), 'clf__gamma': np.float64(0.1314194139850142)}",0.6353333333333333,0.0061282587702834,0.635117779438703,0.0060346124444411,0.6462013221184371,0.0100708524850269
3,rand_0,LogRegl2,45.0,128.64680330268607,"[np.str_('V160'), np.str_('V416'), np.str_('V377')]",{'clf__C': np.float64(0.041924993150460804)},0.5243333333333334,0.0236971634495683,0.5240320081092459,0.0235931289732721,0.5261137504280581,0.0270727022897395
5,top,LogRegl1,40.0,36.742346141747674,"['V255', 'V191', 'V176', 'V380', 'V160']",{'clf__C': np.float64(0.16644299518966227)},0.5589999999999999,0.012355835328567,0.5589574167490449,0.0124121761354111,0.5576784371973158,0.0108863846094877
6,top+1,RandomForest,40.0,49.49747468305833,"['V191', 'V176', 'V380', 'V160', 'V416', 'V224']","{'clf__max_depth': 8, 'clf__min_samples_leaf': 7, 'clf__n_estimators': 234}",0.6263333333333333,0.01329995822884,0.6259309777569738,0.0131829796310678,0.6498440177708266,0.018348845608699
5,rand_1,ExtraTrees,40.0,24.49489742783178,"[np.str_('V416'), np.str_('V309'), np.str_('V11'), np.str_('V262'), np.str_('V175')]","{'clf__max_depth': 11, 'clf__min_samples_leaf': 1, 'clf__n_estimators': 439}",0.5906666666666666,0.0062360956446232,0.5901794314278241,0.006085924286352,0.6113859687345649,0.0107426972800054
5,rand_2,LightGBM,40.0,80.31189202104505,"[np.str_('V380'), np.str_('V224'), np.str_('V11'), np.str_('V175'), np.str_('V212')]","{'clf__learning_rate': np.float64(0.010354499341257054), 'clf__max_depth': 3, 'clf__n_estimators': 427, 'clf__num_leaves': 42, 'clf__subsample': np.float64(0.9367764923887465)}",0.5813333333333333,0.0199053315024448,0.5808820181650233,0.0199289796062094,0.598897314269189,0.0194269161727495
5,rand_2,XGBoost,35.0,70.71067811865476,"[np.str_('V380'), np.str_('V224'), np.str_('V11'), np.str_('V175'), np.str_('V212')]","{'clf__colsample_bytree': np.float64(0.9771170310658897), 'clf__learning_rate': np.float64(0.018968367710792175), 'clf__max_depth': 4, 'clf__n_estimators': 267, 'clf__subsample': np.float64(0.6482976441389584)}",0.5803333333333334,0.0129185482500507,0.5800132381942985,0.0128814214466038,0.5914492461450774,0.0155632882705655
5,rand_2,SVM_RBF,35.0,86.02325267042627,"[np.str_('V380'), np.str_('V224'), np.str_('V11'), np.str_('V175'), np.str_('V212')]","{'clf__C': np.float64(6.393794237097354), 'clf__gamma': np.float64(0.016644299518966215)}",0.5926666666666667,0.0154128373622625,0.59191685770899,0.0152418732135041,0.6352723869347082,0.0284017443609386
5,rand_2,GradientBoosting,35.0,73.824115301167,"[np.str_('V380'), np.str_('V224'), np.str_('V11'), np.str_('V175'), np.str_('V212')]","{'clf__learning_rate': np.float64(0.018618814067432626), 'clf__max_depth': 2, 'clf__n_estimators': 164, 'clf__subsample': np.float64(0.8804927450629726)}",0.5823333333333333,0.0134246870437348,0.581821979389132,0.0134730685161107,0.6035004997259567,0.0092085023382691
5,rand_1,SVM_RBF,30.0,39.370039370059054,"[np.str_('V416'), np.str_('V309'), np.str_('V11'), np.str_('V262'), np.str_('V175')]","{'clf__C': np.float64(48.01761562402178), 'clf__gamma': np.float64(0.008644104356930561)}",0.592,0.0035590260840104,0.5913100888773604,0.0034695717946641,0.6285550492867565,0.0087897501612821
6,top,RandomForest,30.0,81.54753215150045,"['V255', 'V191', 'V176', 'V380', 'V160', 'V416']","{'clf__max_depth': 8, 'clf__min_samples_leaf': 7, 'clf__n_estimators': 401}",0.6443333333333333,0.0065996632910744,0.6440206283923872,0.0065610004793668,0.664402491912111,0.0083084372782931
5,top,LogRegl2,25.0,36.742346141747674,"['V255', 'V191', 'V176', 'V380', 'V160']",{'clf__C': np.float64(0.041924993150460804)},0.556,0.0115758369027902,0.5559573421602276,0.0116293293901337,0.5546911663814024,0.0102898909632287
6,top,LightGBM,25.0,30.822070014844883,"['V255', 'V191', 'V176', 'V380', 'V160', 'V416']","{'clf__learning_rate': np.float64(0.011979639074434058), 'clf__max_depth': 4, 'clf__n_estimators': 415, 'clf__num_leaves': 61, 'clf__subsample': np.float64(0.8714226754962524)}",0.637,0.0069761498454854,0.6367124850344754,0.0069299885498017,0.6539842873176207,0.0078073871626385
5,rand_2,ExtraTrees,20.0,88.60022573334675,"[np.str_('V380'), np.str_('V224'), np.str_('V11'), np.str_('V175'), np.str_('V212')]","{'clf__max_depth': 6, 'clf__min_samples_leaf': 2, 'clf__n_estimators': 238}",0.5903333333333333,0.0105303793326208,0.5897301040790609,0.0104108644051835,0.6198003013036655,0.0173370324247151
6,top+1,LightGBM,20.0,36.742346141747674,"['V191', 'V176', 'V380', 'V160', 'V416', 'V224']","{'clf__learning_rate': np.float64(0.011979639074434058), 'clf__max_depth': 4, 'clf__n_estimators': 415, 'clf__num_leaves': 61, 'clf__subsample': np.float64(0.8714226754962524)}",0.6216666666666666,0.0065489609014628,0.6212981377212938,0.0064932555208293,0.642031422815137,0.0065919759273976
5,rand_1,XGBoost,15.0,37.416573867739416,"[np.str_('V416'), np.str_('V309'), np.str_('V11'), np.str_('V262'), np.str_('V175')]","{'clf__colsample_bytree': np.float64(0.7420988439976136), 'clf__learning_rate': np.float64(0.0108576321750405), 'clf__max_depth': 6, 'clf__n_estimators': 215, 'clf__subsample': np.float64(0.7323701126489202)}",0.5906666666666666,0.0041096093353126,0.5903720831362688,0.0040267388967477,0.6009872480460716,0.0055520005048753
6,rand_2,ExtraTrees,10.0,37.416573867739416,"[np.str_('V255'), np.str_('V176'), np.str_('V160'), np.str_('V416'), np.str_('V262'), np.str_('V175')]","{'clf__max_depth': 6, 'clf__min_samples_leaf': 2, 'clf__n_estimators': 238}",0.6046666666666667,0.0057348835113617,0.6041816501964682,0.0057566966195861,0.630861058609922,0.0119310725672326
6,rand_0,SVM_RBF,10.0,56.56854249492381,"[np.str_('V255'), np.str_('V176'), np.str_('V160'), np.str_('V224'), np.str_('V390'), np.str_('V175')]","{'clf__C': np.float64(0.41924993150460804), 'clf__gamma': np.float64(0.21971482785470117)}",0.6196666666666667,0.0082596744622425,0.6194034149514677,0.0082236137822112,0.6325895311182416,0.0097812596287868
4,rand_1,LogRegl2,10.0,67.45368781616021,"[np.str_('V380'), np.str_('V416'), np.str_('V377'), np.str_('V175')]",{'clf__C': np.float64(0.014177255479383569)},0.5299999999999999,0.0078740078740118,0.5299266521260061,0.0077958425258903,0.5291302080808178,0.0098660433650073
4,rand_1,LogRegl1,10.0,67.45368781616021,"[np.str_('V380'), np.str_('V416'), np.str_('V377'), np.str_('V175')]",{'clf__C': np.float64(2.197148278547012)},0.5296666666666666,0.007586537784494,0.5296006536169381,0.0075148334519412,0.5286365272154745,0.0093404968658156
6,rand_0,XGBoost,-5.0,46.36809247747852,"[np.str_('V255'), np.str_('V176'), np.str_('V160'), np.str_('V224'), np.str_('V390'), np.str_('V175')]","{'clf__colsample_bytree': np.float64(0.7648277835860277), 'clf__learning_rate': np.float64(0.01723516600205961), 'clf__max_depth': 3, 'clf__n_estimators': 230, 'clf__subsample': np.float64(0.6904253682679529)}",0.6203333333333333,0.0119536140513607,0.6200594919577608,0.0119185490267894,0.6338299524140232,0.0122378934324546
5,top+1,LogRegl1,-5.0,53.38539126015655,"['V191', 'V176', 'V380', 'V160', 'V416']",{'clf__C': np.float64(0.03752865635165113)},0.5593333333333333,0.0059066817155564,0.559276708562702,0.005994025857242,0.5586168486680906,0.0033866022754763
6,rand_0,GradientBoosting,-5.0,39.370039370059054,"[np.str_('V255'), np.str_('V176'), np.str_('V160'), np.str_('V224'), np.str_('V390'), np.str_('V175')]","{'clf__learning_rate': np.float64(0.018707545279571126), 'clf__max_depth': 3, 'clf__n_estimators': 316, 'clf__subsample': np.float64(0.7363207269058605)}",0.623,0.0107082522694726,0.622764195592792,0.0107171997846556,0.6343631568931299,0.0090203788610235
6,rand_0,LightGBM,-10.0,53.38539126015655,"[np.str_('V255'), np.str_('V176'), np.str_('V160'), np.str_('V224'), np.str_('V390'), np.str_('V175')]","{'clf__learning_rate': np.float64(0.018618814067432626), 'clf__max_depth': 6, 'clf__n_estimators': 484, 'clf__num_leaves': 15, 'clf__subsample': np.float64(0.8804927450629726)}",0.6206666666666667,0.0124721912892464,0.6204781528692204,0.0125257126453431,0.628917233791108,0.00908172620782
5,top+1,LogRegl2,-10.0,18.708286933869708,"['V191', 'V176', 'V380', 'V160', 'V416']",{'clf__C': np.float64(0.041924993150460804)},0.5516666666666666,0.0044969125210773,0.55161383896723,0.0045549996718772,0.5505318231616707,0.003219898519922
5,rand_1,GradientBoosting,-10.0,7.0710678118654755,"[np.str_('V416'), np.str_('V309'), np.str_('V11'), np.str_('V262'), np.str_('V175')]","{'clf__learning_rate': np.float64(0.018707545279571126), 'clf__max_depth': 3, 'clf__n_estimators': 316, 'clf__subsample': np.float64(0.7363207269058605)}",0.596,0.0121928941054479,0.5956860947844803,0.0122237915360018,0.6082900241395722,0.015393945262245
6,top+2,ExtraTrees,-10.0,85.73214099741124,"['V176', 'V380', 'V160', 'V416', 'V224', 'V377']","{'clf__max_depth': 6, 'clf__min_samples_leaf': 2, 'clf__n_estimators': 238}",0.616,0.0122474487139159,0.6155347177601089,0.0121229669639684,0.6425436195886017,0.0184555496179099
5,rand_1,RandomForest,-15.0,46.36809247747852,"[np.str_('V416'), np.str_('V309'), np.str_('V11'), np.str_('V262'), np.str_('V175')]","{'clf__max_depth': 8, 'clf__min_samples_leaf': 7, 'clf__n_estimators': 401}",0.5923333333333334,0.0053124591501697,0.5919987089198725,0.0054068013883398,0.6049108056096193,0.0049035707748639
6,top+2,XGBoost,-15.0,92.73618495495704,"['V176', 'V380', 'V160', 'V416', 'V224', 'V377']","{'clf__colsample_bytree': np.float64(0.9781553776273282), 'clf__learning_rate': np.float64(0.024003275755425057), 'clf__max_depth': 3, 'clf__n_estimators': 246, 'clf__subsample': np.float64(0.7911784778845199)}",0.617,0.016673332000533,0.6167194649449467,0.0165909018697687,0.630651529045051,0.0203167775917659
6,top+2,RandomForest,-20.0,25.495097567963924,"['V176', 'V380', 'V160', 'V416', 'V224', 'V377']","{'clf__max_depth': 5, 'clf__min_samples_leaf': 9, 'clf__n_estimators': 367}",0.614,0.0219241115365404,0.6136027672517952,0.0217878178990412,0.6355038465327704,0.0301120508866578
6,rand_0,RandomForest,-30.0,81.54753215150045,"[np.str_('V255'), np.str_('V176'), np.str_('V160'), np.str_('V224'), np.str_('V390'), np.str_('V175')]","{'clf__max_depth': 9, 'clf__min_samples_leaf': 10, 'clf__n_estimators': 338}",0.6133333333333333,0.0088065632090819,0.6131332819748313,0.008836384366772,0.6216365209500221,0.0061117798562854
6,rand_1,LightGBM,-30.0,28.284271247461906,"[np.str_('V176'), np.str_('V380'), np.str_('V416'), np.str_('V390'), np.str_('V262'), np.str_('V175')]","{'clf__learning_rate': np.float64(0.010354499341257054), 'clf__max_depth': 3, 'clf__n_estimators': 427, 'clf__num_leaves': 42, 'clf__subsample': np.float64(0.9367764923887465)}",0.6046666666666667,0.0103387082795138,0.6042531246384314,0.0102677472148716,0.6246581820339454,0.0114794170748905
6,rand_1,ExtraTrees,-30.0,39.370039370059054,"[np.str_('V176'), np.str_('V380'), np.str_('V416'), np.str_('V390'), np.str_('V262'), np.str_('V175')]","{'clf__max_depth': 8, 'clf__min_samples_leaf': 7, 'clf__n_estimators': 234}",0.6046666666666667,0.0041899350299921,0.6042969932022381,0.0041614278464582,0.6234240462915599,0.0111041334030838
5,rand_1,LightGBM,-30.0,25.495097567963924,"[np.str_('V416'), np.str_('V309'), np.str_('V11'), np.str_('V262'), np.str_('V175')]","{'clf__learning_rate': np.float64(0.010354499341257054), 'clf__max_depth': 3, 'clf__n_estimators': 427, 'clf__num_leaves': 42, 'clf__subsample': np.float64(0.9367764923887465)}",0.5923333333333333,0.0032998316455372,0.5918894393872532,0.0031611522454392,0.6111658668040927,0.0079353058307943
6,rand_2,SVM_RBF,-30.0,81.54753215150045,"[np.str_('V255'), np.str_('V176'), np.str_('V160'), np.str_('V416'), np.str_('V262'), np.str_('V175')]","{'clf__C': np.float64(0.1984825563044797), 'clf__gamma': np.float64(0.1314194139850142)}",0.608,0.0050990195135927,0.6077464089538703,0.0050718008083861,0.6195678034661883,0.0099299362047235
6,top+2,GradientBoosting,-35.0,88.60022573334675,"['V176', 'V380', 'V160', 'V416', 'V224', 'V377']","{'clf__learning_rate': np.float64(0.018707545279571126), 'clf__max_depth': 3, 'clf__n_estimators': 316, 'clf__subsample': np.float64(0.7363207269058605)}",0.6103333333333333,0.018624953392932,0.6100866589388549,0.0185326102644971,0.6210531921790917,0.0229305046363491
6,top+2,LightGBM,-35.0,74.83314773547883,"['V176', 'V380', 'V160', 'V416', 'V224', 'V377']","{'clf__learning_rate': np.float64(0.010354499341257054), 'clf__max_depth': 3, 'clf__n_estimators': 427, 'clf__num_leaves': 42, 'clf__subsample': np.float64(0.9367764923887465)}",0.6076666666666667,0.016659998666133,0.6073032466563527,0.0165378916584463,0.625008758736961,0.0224747757755466
6,rand_0,ExtraTrees,-40.0,24.49489742783178,"[np.str_('V255'), np.str_('V176'), np.str_('V160'), np.str_('V224'), np.str_('V390'), np.str_('V175')]","{'clf__max_depth': 11, 'clf__min_samples_leaf': 10, 'clf__n_estimators': 381}",0.6113333333333334,0.0139124245031394,0.6110479679717042,0.0138643519994364,0.6249315336167239,0.0160540026145262
6,rand_1,SVM_RBF,-40.0,12.24744871391589,"[np.str_('V176'), np.str_('V380'), np.str_('V416'), np.str_('V390'), np.str_('V262'), np.str_('V175')]","{'clf__C': np.float64(0.1984825563044797), 'clf__gamma': np.float64(0.1314194139850142)}",0.601,0.0110453610171872,0.6007763715292723,0.0111226636356097,0.6099639351610562,0.0062769309388723
6,rand_2,GradientBoosting,-40.0,32.4037034920393,"[np.str_('V255'), np.str_('V176'), np.str_('V160'), np.str_('V416'), np.str_('V262'), np.str_('V175')]","{'clf__learning_rate': np.float64(0.08612990916378668), 'clf__max_depth': 2, 'clf__n_estimators': 187, 'clf__subsample': np.float64(0.7185652978509862)}",0.6116666666666667,0.0063420991968134,0.6113752326052767,0.006261207201949,0.6250045649815518,0.0093428284406542
6,rand_1,GradientBoosting,-45.0,14.142135623730953,"[np.str_('V176'), np.str_('V380'), np.str_('V416'), np.str_('V390'), np.str_('V262'), np.str_('V175')]","{'clf__learning_rate': np.float64(0.012447420336780599), 'clf__max_depth': 2, 'clf__n_estimators': 362, 'clf__subsample': np.float64(0.7694648776168372)}",0.6056666666666666,0.0141970262926979,0.6053318093640824,0.0141925106388273,0.6208015477241751,0.0139256735338702
6,rand_1,XGBoost,-50.0,25.495097567963924,"[np.str_('V176'), np.str_('V380'), np.str_('V416'), np.str_('V390'), np.str_('V262'), np.str_('V175')]","{'clf__colsample_bytree': np.float64(0.7648277835860277), 'clf__learning_rate': np.float64(0.01723516600205961), 'clf__max_depth': 3, 'clf__n_estimators': 230, 'clf__subsample': np.float64(0.6904253682679529)}",0.5993333333333333,0.0069442222186665,0.598987574278179,0.0069677739276506,0.6140399916537104,0.0068839466388695
5,rand_0,ExtraTrees,-55.0,86.89073598491383,"[np.str_('V224'), np.str_('V309'), np.str_('V262'), np.str_('V221'), np.str_('V212')]","{'clf__max_depth': 4, 'clf__min_samples_leaf': 9, 'clf__n_estimators': 403}",0.575,0.008286535263104,0.5745370950806775,0.0081535100450592,0.5909566523568078,0.0122866071492983
6,top+2,SVM_RBF,-55.0,61.237243569579455,"['V176', 'V380', 'V160', 'V416', 'V224', 'V377']","{'clf__C': np.float64(6.393794237097354), 'clf__gamma': np.float64(0.016644299518966215)}",0.6123333333333334,0.0193964487013015,0.6117046347579989,0.0192280895042975,0.6521170685823673,0.0340244601180803
6,rand_1,RandomForest,-55.0,48.98979485566356,"[np.str_('V176'), np.str_('V380'), np.str_('V416'), np.str_('V390'), np.str_('V262'), np.str_('V175')]","{'clf__max_depth': 5, 'clf__min_samples_leaf': 8, 'clf__n_estimators': 583}",0.5973333333333333,0.0054365021434333,0.5968895070945607,0.0054301289219317,0.618586838896706,0.0105861722471051
6,rand_2,RandomForest,-65.0,43.01162633521314,"[np.str_('V255'), np.str_('V176'), np.str_('V160'), np.str_('V416'), np.str_('V262'), np.str_('V175')]","{'clf__max_depth': 10, 'clf__min_samples_leaf': 6, 'clf__n_estimators': 432}",0.6070000000000001,0.0053541261347363,0.6067064589037334,0.0053492708630826,0.6209285178590326,0.0066847103167335
6,rand_2,XGBoost,-65.0,91.92388155425118,"[np.str_('V255'), np.str_('V176'), np.str_('V160'), np.str_('V416'), np.str_('V262'), np.str_('V175')]","{'clf__colsample_bytree': np.float64(0.7648277835860277), 'clf__learning_rate': np.float64(0.01723516600205961), 'clf__max_depth': 3, 'clf__n_estimators': 230, 'clf__subsample': np.float64(0.6904253682679529)}",0.6126666666666667,0.0044969125210773,0.6123625485211356,0.0044598895322575,0.6271660305063849,0.0076874000212343
5,rand_0,RandomForest,-70.0,57.87918451395112,"[np.str_('V224'), np.str_('V309'), np.str_('V262'), np.str_('V221'), np.str_('V212')]","{'clf__max_depth': 4, 'clf__min_samples_leaf': 2, 'clf__n_estimators': 564}",0.573,0.0071180521680208,0.5723657045642879,0.0068737692598612,0.5970107955784196,0.0162621629423556
6,rand_2,LightGBM,-75.0,107.00467279516349,"[np.str_('V255'), np.str_('V176'), np.str_('V160'), np.str_('V416'), np.str_('V262'), np.str_('V175')]","{'clf__learning_rate': np.float64(0.018618814067432626), 'clf__max_depth': 6, 'clf__n_estimators': 484, 'clf__num_leaves': 15, 'clf__subsample': np.float64(0.8804927450629726)}",0.5963333333333334,0.0020548046676563,0.5961308297291079,0.0020912620824577,0.6030697173802991,0.0025734008878132
5,rand_0,SVM_RBF,-75.0,73.824115301167,"[np.str_('V224'), np.str_('V309'), np.str_('V262'), np.str_('V221'), np.str_('V212')]","{'clf__C': np.float64(6.393794237097354), 'clf__gamma': np.float64(0.016644299518966215)}",0.5776666666666667,0.0180800688297608,0.5769539109137086,0.0178272966316155,0.6098992906921438,0.0329801943186124
5,rand_0,XGBoost,-80.0,76.48529270389177,"[np.str_('V224'), np.str_('V309'), np.str_('V262'), np.str_('V221'), np.str_('V212')]","{'clf__colsample_bytree': np.float64(0.7186387253238435), 'clf__learning_rate': np.float64(0.05731429920332475), 'clf__max_depth': 6, 'clf__n_estimators': 214, 'clf__subsample': np.float64(0.9170967403896422)}",0.549,0.0037416573867739,0.5488158001854918,0.0037984045971467,0.5509540883492657,0.0018158814788772
7,top,GradientBoosting,-85.0,37.416573867739416,"['V255', 'V191', 'V176', 'V380', 'V160', 'V416', 'V224']","{'clf__learning_rate': np.float64(0.07717567274870522), 'clf__max_depth': 2, 'clf__n_estimators': 339, 'clf__subsample': np.float64(0.6621992493842985)}",0.646,0.0157480157480236,0.6458307851861645,0.0157189510363129,0.6551368186177805,0.0163213856327637
5,top+2,LogRegl2,-85.0,39.370039370059054,"['V176', 'V380', 'V160', 'V416', 'V224']",{'clf__C': np.float64(0.041924993150460804)},0.5626666666666666,0.016679994670929,0.5625955742831411,0.0166613400157983,0.5623741886216113,0.0168573899496287
5,rand_0,LogRegl1,-90.0,123.89511693363868,"[np.str_('V224'), np.str_('V309'), np.str_('V262'), np.str_('V221'), np.str_('V212')]",{'clf__C': np.float64(0.01305676922327696)},0.548,0.025781130050226,0.5477185670606679,0.0256550247039186,0.5530077034018367,0.0304086860028458
5,top+2,LogRegl1,-90.0,46.36809247747852,"['V176', 'V380', 'V160', 'V416', 'V224']",{'clf__C': np.float64(2.197148278547012)},0.5619999999999999,0.0152970585407783,0.5619215433779222,0.0152682997111821,0.5619019967188434,0.0157164292217889
5,rand_0,GradientBoosting,-95.0,53.38539126015655,"[np.str_('V224'), np.str_('V309'), np.str_('V262'), np.str_('V221'), np.str_('V212')]","{'clf__learning_rate': np.float64(0.012447420336780599), 'clf__max_depth': 2, 'clf__n_estimators': 362, 'clf__subsample': np.float64(0.7694648776168372)}",0.5723333333333334,0.0155848929700812,0.5718931058720949,0.0154192494974708,0.5867113776280516,0.0222224434792776
5,rand_0,LightGBM,-95.0,56.12486080160912,"[np.str_('V224'), np.str_('V309'), np.str_('V262'), np.str_('V221'), np.str_('V212')]","{'clf__learning_rate': np.float64(0.01659816376671886), 'clf__max_depth': 5, 'clf__n_estimators': 402, 'clf__num_leaves': 28, 'clf__subsample': np.float64(0.8698475964977794)}",0.5676666666666667,0.0074087035902975,0.5673115936841001,0.0073074704476457,0.5770679550492634,0.0093808066248808
7,top,ExtraTrees,-95.0,61.644140029689765,"['V255', 'V191', 'V176', 'V380', 'V160', 'V416', 'V224']","{'clf__max_depth': 8, 'clf__min_samples_leaf': 1, 'clf__n_estimators': 323}",0.6430000000000001,0.016062378404209,0.6425853715785262,0.0160218496911363,0.6718946289005613,0.0164061643585872
5,rand_2,LogRegl1,-95.0,21.213203435596427,"[np.str_('V380'), np.str_('V224'), np.str_('V11'), np.str_('V175'), np.str_('V212')]",{'clf__C': np.float64(0.02927482923116903)},0.5569999999999999,0.0194422220952235,0.5569080767338778,0.0194084966628275,0.5574670716508717,0.0205668656639072
7,top,XGBoost,-110.0,55.226805085936306,"['V255', 'V191', 'V176', 'V380', 'V160', 'V416', 'V224']","{'clf__colsample_bytree': np.float64(0.7648277835860277), 'clf__learning_rate': np.float64(0.01723516600205961), 'clf__max_depth': 3, 'clf__n_estimators': 230, 'clf__subsample': np.float64(0.6904253682679529)}",0.64,0.0156418242755334,0.6397106461424594,0.0155744579815857,0.6573597435677674,0.0181191038907368
5,rand_2,LogRegl2,-115.0,25.495097567963924,"[np.str_('V380'), np.str_('V224'), np.str_('V11'), np.str_('V175'), np.str_('V212')]",{'clf__C': np.float64(1.1285665712014172)},0.5586666666666668,0.0168193010820571,0.5586247913887178,0.0168030718399064,0.5578790723975467,0.0170749899417193
7,top+1,ExtraTrees,-120.0,68.19090848492928,"['V191', 'V176', 'V380', 'V160', 'V416', 'V224', 'V377']","{'clf__max_depth': 8, 'clf__min_samples_leaf': 7, 'clf__n_estimators': 401}",0.637,0.0122474487139159,0.6366078625221651,0.012190939781414,0.6623218029389802,0.0134897860445265
7,rand_1,ExtraTrees,-120.0,56.12486080160912,"[np.str_('V255'), np.str_('V191'), np.str_('V380'), np.str_('V160'), np.str_('V416'), np.str_('V224'), np.str_('V390')]","{'clf__max_depth': 5, 'clf__min_samples_leaf': 9, 'clf__n_estimators': 367}",0.631,0.0129614813968157,0.6304710765061602,0.012868018846549,0.6669712685266376,0.0157156903020993
5,rand_1,LogRegl1,-125.0,76.48529270389177,"[np.str_('V416'), np.str_('V309'), np.str_('V11'), np.str_('V262'), np.str_('V175')]",{'clf__C': np.float64(2.197148278547012)},0.5676666666666667,0.000471404520791,0.5675928673288343,0.0004272098907383,0.5674265659587046,0.0015179660849619
5,rand_1,LogRegl2,-125.0,76.48529270389177,"[np.str_('V416'), np.str_('V309'), np.str_('V11'), np.str_('V262'), np.str_('V175')]",{'clf__C': np.float64(0.6393794237097356)},0.5666666666666665,0.000942809041582,0.5665941713492186,0.0009338297155258,0.5663522297305269,0.0019958085353333
7,top,SVM_RBF,-130.0,39.370039370059054,"['V255', 'V191', 'V176', 'V380', 'V160', 'V416', 'V224']","{'clf__C': np.float64(6.393794237097354), 'clf__gamma': np.float64(0.016644299518966215)}",0.6466666666666666,0.0135728487143349,0.6461827482560413,0.0134876241938405,0.6829074545786945,0.0181665182494809
7,top+2,ExtraTrees,-155.0,30.822070014844883,"['V176', 'V380', 'V160', 'V416', 'V224', 'V377', 'V390']","{'clf__max_depth': 8, 'clf__min_samples_leaf': 7, 'clf__n_estimators': 234}",0.6183333333333333,0.0125521135891751,0.6180047915358557,0.0124417294821285,0.6350599861076017,0.0171055176155848
7,top+1,GradientBoosting,-155.0,74.83314773547883,"['V191', 'V176', 'V380', 'V160', 'V416', 'V224', 'V377']","{'clf__learning_rate': np.float64(0.02716778807318292), 'clf__max_depth': 3, 'clf__n_estimators': 125, 'clf__subsample': np.float64(0.6816490515054431)}",0.6253333333333333,0.0155205956357637,0.6250289576577815,0.0154437948122401,0.6416132886721123,0.0190808254729218
7,top,LightGBM,-155.0,46.36809247747852,"['V255', 'V191', 'V176', 'V380', 'V160', 'V416', 'V224']","{'clf__learning_rate': np.float64(0.054386545048378046), 'clf__max_depth': 4, 'clf__n_estimators': 275, 'clf__num_leaves': 43, 'clf__subsample': np.float64(0.8097259399580728)}",0.638,0.0090921211313239,0.6378172031511812,0.0090282767194164,0.6470946546907688,0.011455636881848
7,top+1,XGBoost,-160.0,78.74007874011811,"['V191', 'V176', 'V380', 'V160', 'V416', 'V224', 'V377']","{'clf__colsample_bytree': np.float64(0.7694648776168372), 'clf__learning_rate': np.float64(0.018707545279571126), 'clf__max_depth': 4, 'clf__n_estimators': 416, 'clf__subsample': np.float64(0.7363207269058605)}",0.627,0.0155777619273972,0.6267709924772554,0.0154800739242758,0.6382747254906066,0.0206057147889062
6,top,LogRegl1,-160.0,36.742346141747674,"['V255', 'V191', 'V176', 'V380', 'V160', 'V416']",{'clf__C': np.float64(0.16644299518966227)},0.5589999999999999,0.012355835328567,0.5589574167490449,0.0124121761354111,0.5576784371973158,0.0108863846094877
7,rand_1,SVM_RBF,-165.0,68.19090848492928,"[np.str_('V255'), np.str_('V191'), np.str_('V380'), np.str_('V160'), np.str_('V416'), np.str_('V224'), np.str_('V390')]","{'clf__C': np.float64(48.01761562402178), 'clf__gamma': np.float64(0.008644104356930561)}",0.6286666666666667,0.0091043335224984,0.6281349590453978,0.0090214642087426,0.6642517474343689,0.0133490773659716
7,top+1,LightGBM,-170.0,146.11639196202458,"['V191', 'V176', 'V380', 'V160', 'V416', 'V224', 'V377']","{'clf__learning_rate': np.float64(0.06224942473745767), 'clf__max_depth': 3, 'clf__n_estimators': 305, 'clf__num_leaves': 31, 'clf__subsample': np.float64(0.757245163188121)}",0.6216666666666666,0.0201714870272097,0.621451594074269,0.0200946745891847,0.631411405997045,0.0247533662818869
6,top,LogRegl2,-175.0,36.742346141747674,"['V255', 'V191', 'V176', 'V380', 'V160', 'V416']",{'clf__C': np.float64(0.041924993150460804)},0.5569999999999999,0.0114309521329881,0.5569560248058166,0.0114798436073684,0.5557822052975102,0.0102986773275572
7,top+1,SVM_RBF,-180.0,32.4037034920393,"['V191', 'V176', 'V380', 'V160', 'V416', 'V224', 'V377']","{'clf__C': np.float64(0.15166336526237675), 'clf__gamma': np.float64(0.109860831937539)}",0.6336666666666667,0.0143836326735942,0.6334077983073357,0.0142686095775334,0.6477300317712137,0.0207080684755423
7,top+2,GradientBoosting,-180.0,53.38539126015655,"['V176', 'V380', 'V160', 'V416', 'V224', 'V377', 'V390']","{'clf__learning_rate': np.float64(0.02716778807318292), 'clf__max_depth': 3, 'clf__n_estimators': 125, 'clf__subsample': np.float64(0.6816490515054431)}",0.612,0.0196129209111408,0.6117240450579899,0.019534902925315,0.6246387748644578,0.023220191330241
7,rand_1,XGBoost,-180.0,32.4037034920393,"[np.str_('V255'), np.str_('V191'), np.str_('V380'), np.str_('V160'), np.str_('V416'), np.str_('V224'), np.str_('V390')]","{'clf__colsample_bytree': np.float64(0.9781553776273282), 'clf__learning_rate': np.float64(0.024003275755425057), 'clf__max_depth': 3, 'clf__n_estimators': 246, 'clf__subsample': np.float64(0.7911784778845199)}",0.6306666666666666,0.0073181661333667,0.6303830234421184,0.0072359612767488,0.6461061438125717,0.0098834607959423
7,top+1,RandomForest,-185.0,25.495097567963924,"['V191', 'V176', 'V380', 'V160', 'V416', 'V224', 'V377']","{'clf__max_depth': 8, 'clf__min_samples_leaf': 7, 'clf__n_estimators': 234}",0.6333333333333333,0.0170163320241336,0.6330131644479357,0.0168482645180702,0.6519204474260655,0.0272121823570914
7,rand_1,GradientBoosting,-185.0,60.41522986797286,"[np.str_('V255'), np.str_('V191'), np.str_('V380'), np.str_('V160'), np.str_('V416'), np.str_('V224'), np.str_('V390')]","{'clf__learning_rate': np.float64(0.012447420336780599), 'clf__max_depth': 2, 'clf__n_estimators': 362, 'clf__subsample': np.float64(0.7694648776168372)}",0.6296666666666667,0.0158394724940223,0.6293410800669963,0.015784474614545,0.6482974026898872,0.0174869454376321
5,rand_0,LogRegl2,-190.0,25.495097567963924,"[np.str_('V224'), np.str_('V309'), np.str_('V262'), np.str_('V221'), np.str_('V212')]",{'clf__C': np.float64(0.014177255479383569)},0.5499999999999999,0.0096263527187957,0.5499031982655656,0.0096446542487479,0.5499911394648237,0.0093342783823225
7,top,RandomForest,-195.0,92.46621004453463,"['V255', 'V191', 'V176', 'V380', 'V160', 'V416', 'V224']","{'clf__max_depth': 11, 'clf__min_samples_leaf': 1, 'clf__n_estimators': 439}",0.649,0.0092014491612281,0.648690789184725,0.0090803094548433,0.6688506961303452,0.0148169899561398
6,rand_0,LogRegl2,-210.0,60.41522986797286,"[np.str_('V255'), np.str_('V176'), np.str_('V160'), np.str_('V224'), np.str_('V390'), np.str_('V175')]",{'clf__C': np.float64(0.041924993150460804)},0.5733333333333334,0.0102740233382815,0.5733177399309121,0.0103109533350424,0.5715690685280954,0.0088490359081099
7,top+2,XGBoost,-215.0,86.89073598491383,"['V176', 'V380', 'V160', 'V416', 'V224', 'V377', 'V390']","{'clf__colsample_bytree': np.float64(0.7648277835860277), 'clf__learning_rate': np.float64(0.01723516600205961), 'clf__max_depth': 3, 'clf__n_estimators': 230, 'clf__subsample': np.float64(0.6904253682679529)}",0.6176666666666667,0.0151070255914995,0.6173548014967482,0.015025725292319,0.6332347309154306,0.018157045912126
7,rand_1,RandomForest,-215.0,91.92388155425118,"[np.str_('V255'), np.str_('V191'), np.str_('V380'), np.str_('V160'), np.str_('V416'), np.str_('V224'), np.str_('V390')]","{'clf__max_depth': 9, 'clf__min_samples_leaf': 9, 'clf__n_estimators': 295}",0.6309999999999999,0.0106144555520604,0.630715715472579,0.0105563534262863,0.6464992120486814,0.0123271792650898
7,rand_1,LightGBM,-220.0,43.01162633521314,"[np.str_('V255'), np.str_('V191'), np.str_('V380'), np.str_('V160'), np.str_('V416'), np.str_('V224'), np.str_('V390')]","{'clf__learning_rate': np.float64(0.018968367710792175), 'clf__max_depth': 4, 'clf__n_estimators': 267, 'clf__num_leaves': 35, 'clf__subsample': np.float64(0.664083523552488)}",0.6316666666666667,0.0107806410858641,0.6313104041880496,0.0106522802132565,0.6529119381129773,0.0171882572268636
7,top+2,SVM_RBF,-225.0,97.97958971132712,"['V176', 'V380', 'V160', 'V416', 'V224', 'V377', 'V390']","{'clf__C': np.float64(0.15166336526237675), 'clf__gamma': np.float64(0.109860831937539)}",0.6143333333333333,0.0163571255285137,0.6140933894732016,0.0162408876754979,0.624994922091755,0.0219373372893247
6,rand_0,LogRegl1,-230.0,57.87918451395112,"[np.str_('V255'), np.str_('V176'), np.str_('V160'), np.str_('V224'), np.str_('V390'), np.str_('V175')]",{'clf__C': np.float64(0.6393794237097356)},0.5753333333333333,0.0098092926463747,0.5753071184281147,0.0098507834194706,0.5739820495918058,0.0081795539220153
7,top+2,RandomForest,-240.0,53.38539126015655,"['V176', 'V380', 'V160', 'V416', 'V224', 'V377', 'V390']","{'clf__max_depth': 6, 'clf__min_samples_leaf': 4, 'clf__n_estimators': 383}",0.617,0.0148996644257513,0.6166141150721474,0.0147354625888472,0.6375471876783095,0.0234985458151426
7,rand_0,ExtraTrees,-250.0,56.56854249492381,"[np.str_('V255'), np.str_('V191'), np.str_('V416'), np.str_('V377'), np.str_('V309'), np.str_('V262'), np.str_('V212')]","{'clf__max_depth': 9, 'clf__min_samples_leaf': 16, 'clf__n_estimators': 276}",0.6073333333333334,0.0114406682011536,0.6070611837012185,0.0113580099500428,0.6189469156730426,0.0145332722127684
7,top+2,LightGBM,-255.0,106.06601717798212,"['V176', 'V380', 'V160', 'V416', 'V224', 'V377', 'V390']","{'clf__learning_rate': np.float64(0.06224942473745767), 'clf__max_depth': 3, 'clf__n_estimators': 305, 'clf__num_leaves': 31, 'clf__subsample': np.float64(0.757245163188121)}",0.605,0.0108012344973464,0.6047964748123275,0.0107343423683773,0.6126042887708842,0.0128542769731623
6,top+1,LogRegl2,-270.0,60.41522986797286,"['V191', 'V176', 'V380', 'V160', 'V416', 'V224']",{'clf__C': np.float64(0.022468759419183908)},0.557,0.0121928941054478,0.5569287371842093,0.012197894080857,0.5565240103700843,0.0116909508352262
7,rand_0,SVM_RBF,-275.0,30.822070014844883,"[np.str_('V255'), np.str_('V191'), np.str_('V416'), np.str_('V377'), np.str_('V309'), np.str_('V262'), np.str_('V212')]","{'clf__C': np.float64(83.01235711169913), 'clf__gamma': np.float64(0.001761619320235845)}",0.603,0.0107082522694726,0.6023037439810934,0.0105343760437832,0.6438871550592845,0.018738663151727
6,top+1,LogRegl1,-275.0,67.45368781616021,"['V191', 'V176', 'V380', 'V160', 'V416', 'V224']",{'clf__C': np.float64(0.6393794237097356)},0.5583333333333335,0.0103708994574026,0.558258751597526,0.0103662446376281,0.5579342764470487,0.010064886839255
6,top+2,LogRegl1,-290.0,111.13055385446434,"['V176', 'V380', 'V160', 'V416', 'V224', 'V377']",{'clf__C': np.float64(3.5160136332131073)},0.5569999999999999,0.016573070526208,0.5569214369486012,0.0165658739074652,0.5567169715293485,0.0164756573724349
6,top+2,LogRegl2,-290.0,111.13055385446434,"['V176', 'V380', 'V160', 'V416', 'V224', 'V377']",{'clf__C': np.float64(2.197148278547012)},0.5576666666666666,0.0161314048434171,0.5575881142821053,0.0161249597113662,0.5573999727395512,0.0160129896901823
7,rand_0,RandomForest,-290.0,61.644140029689765,"[np.str_('V255'), np.str_('V191'), np.str_('V416'), np.str_('V377'), np.str_('V309'), np.str_('V262'), np.str_('V212')]","{'clf__max_depth': 11, 'clf__min_samples_leaf': 10, 'clf__n_estimators': 381}",0.6126666666666667,0.0130213499897497,0.6124406366403394,0.0129093182826358,0.6225179493201126,0.0184204942452209
7,rand_2,RandomForest,-295.0,25.495097567963924,"[np.str_('V176'), np.str_('V380'), np.str_('V390'), np.str_('V309'), np.str_('V175'), np.str_('V221'), np.str_('V212')]","{'clf__max_depth': 8, 'clf__min_samples_leaf': 1, 'clf__n_estimators': 323}",0.5976666666666666,0.0087305339024725,0.5973249353045766,0.0087977294736146,0.6127675310719224,0.0035950415345085
7,rand_2,SVM_RBF,-305.0,28.284271247461906,"[np.str_('V176'), np.str_('V380'), np.str_('V390'), np.str_('V309'), np.str_('V175'), np.str_('V221'), np.str_('V212')]","{'clf__C': np.float64(6.393794237097354), 'clf__gamma': np.float64(0.016644299518966215)}",0.5966666666666666,0.0086538366571647,0.5960709190671213,0.0085519101745795,0.6277276367190378,0.0126958210240332
7,rand_0,XGBoost,-315.0,74.4983221287567,"[np.str_('V255'), np.str_('V191'), np.str_('V416'), np.str_('V377'), np.str_('V309'), np.str_('V262'), np.str_('V212')]","{'clf__colsample_bytree': np.float64(0.7694648776168372), 'clf__learning_rate': np.float64(0.018707545279571126), 'clf__max_depth': 4, 'clf__n_estimators': 416, 'clf__subsample': np.float64(0.7363207269058605)}",0.604,0.0080415587212098,0.6037237565675966,0.0079270033672365,0.6150999249574326,0.0120455307361452
7,rand_2,ExtraTrees,-315.0,32.4037034920393,"[np.str_('V176'), np.str_('V380'), np.str_('V390'), np.str_('V309'), np.str_('V175'), np.str_('V221'), np.str_('V212')]","{'clf__max_depth': 10, 'clf__min_samples_leaf': 6, 'clf__n_estimators': 432}",0.5986666666666666,0.0065996632910744,0.5983708389816321,0.0065907530598312,0.6120228793004436,0.012363919086605
7,rand_2,GradientBoosting,-320.0,61.644140029689765,"[np.str_('V176'), np.str_('V380'), np.str_('V390'), np.str_('V309'), np.str_('V175'), np.str_('V221'), np.str_('V212')]","{'clf__learning_rate': np.float64(0.014664764980527122), 'clf__max_depth': 3, 'clf__n_estimators': 332, 'clf__subsample': np.float64(0.7898537859085607)}",0.598,0.0053541261347363,0.5977642566663678,0.0054409064204065,0.6076996725416048,0.0014744985940491
7,rand_0,GradientBoosting,-325.0,43.01162633521314,"[np.str_('V255'), np.str_('V191'), np.str_('V416'), np.str_('V377'), np.str_('V309'), np.str_('V262'), np.str_('V212')]","{'clf__learning_rate': np.float64(0.05501111167975336), 'clf__max_depth': 3, 'clf__n_estimators': 147, 'clf__subsample': np.float64(0.6281833256741867)}",0.6036666666666667,0.0061824123303304,0.6034036983514204,0.0061663369927039,0.6138255584393796,0.0068921346509599
6,rand_1,LogRegl1,-330.0,62.849025449882674,"[np.str_('V176'), np.str_('V380'), np.str_('V416'), np.str_('V390'), np.str_('V262'), np.str_('V175')]",{'clf__C': np.float64(0.09469755543803382)},0.5553333333333333,0.0147271480229163,0.5552738045099969,0.0146971921483975,0.5549884697302182,0.0161721396882426
6,rand_1,LogRegl2,-335.0,35.35533905932738,"[np.str_('V176'), np.str_('V380'), np.str_('V416'), np.str_('V390'), np.str_('V262'), np.str_('V175')]",{'clf__C': np.float64(0.014177255479383569)},0.555,0.0131402688962846,0.5549578131079592,0.0130865726927898,0.5544201055200313,0.0149893857863132
6,rand_2,LogRegl1,-345.0,30.822070014844883,"[np.str_('V255'), np.str_('V176'), np.str_('V160'), np.str_('V416'), np.str_('V262'), np.str_('V175')]",{'clf__C': np.float64(0.041924993150460804)},0.5536666666666666,0.0089938250421546,0.5535824766899244,0.0089592871783274,0.5536486430112143,0.011461673093154
6,rand_2,LogRegl2,-345.0,67.45368781616021,"[np.str_('V255'), np.str_('V176'), np.str_('V160'), np.str_('V416'), np.str_('V262'), np.str_('V175')]",{'clf__C': np.float64(0.16644299518966227)},0.552,0.0074833147735478,0.5519191098758082,0.0075008300366431,0.5514368671821418,0.0083863298824478
7,rand_2,XGBoost,-345.0,42.42640687119285,"[np.str_('V176'), np.str_('V380'), np.str_('V390'), np.str_('V309'), np.str_('V175'), np.str_('V221'), np.str_('V212')]","{'clf__colsample_bytree': np.float64(0.7648277835860277), 'clf__learning_rate': np.float64(0.01723516600205961), 'clf__max_depth': 3, 'clf__n_estimators': 230, 'clf__subsample': np.float64(0.6904253682679529)}",0.601,0.0021602468994692,0.6007442771990523,0.0022190336655462,0.6120991842801721,0.0060900926548938
7,rand_2,LightGBM,-350.0,49.49747468305833,"[np.str_('V176'), np.str_('V380'), np.str_('V390'), np.str_('V309'), np.str_('V175'), np.str_('V221'), np.str_('V212')]","{'clf__learning_rate': np.float64(0.010354499341257054), 'clf__max_depth': 3, 'clf__n_estimators': 427, 'clf__num_leaves': 42, 'clf__subsample': np.float64(0.9367764923887465)}",0.5883333333333333,0.0125521135891751,0.5879721118058087,0.0125611966193792,0.6024297646165527,0.0112908915993568
7,rand_0,LightGBM,-365.0,28.284271247461906,"[np.str_('V255'), np.str_('V191'), np.str_('V416'), np.str_('V377'), np.str_('V309'), np.str_('V262'), np.str_('V212')]","{'clf__learning_rate': np.float64(0.05501111167975336), 'clf__max_depth': 4, 'clf__n_estimators': 247, 'clf__num_leaves': 27, 'clf__subsample': np.float64(0.9394734067154433)}",0.5946666666666666,0.00664997911442,0.5944402016414211,0.0065173981036541,0.6020408334497924,0.0109559944881041
7,rand_2,LogRegl1,-410.0,147.13938969562162,"[np.str_('V176'), np.str_('V380'), np.str_('V390'), np.str_('V309'), np.str_('V175'), np.str_('V221'), np.str_('V212')]",{'clf__C': np.float64(0.041924993150460804)},0.5593333333333333,0.0057348835113617,0.5593006824386629,0.0058242597190843,0.5580099017130801,0.0035682742583071
7,rand_2,LogRegl2,-415.0,98.99494936611666,"[np.str_('V176'), np.str_('V380'), np.str_('V390'), np.str_('V309'), np.str_('V175'), np.str_('V221'), np.str_('V212')]",{'clf__C': np.float64(0.014177255479383569)},0.5626666666666668,0.0024944382578492,0.5627034176829357,0.0025597322315642,0.5599063677811306,0.0027793999843484
7,top,LogRegl1,-415.0,74.83314773547883,"['V255', 'V191', 'V176', 'V380', 'V160', 'V416', 'V224']",{'clf__C': np.float64(0.041924993150460804)},0.5583333333333332,0.0156276108929746,0.558252771782579,0.0156129266717083,0.5584363076516381,0.0160028163541725
7,rand_1,LogRegl2,-425.0,67.45368781616021,"[np.str_('V255'), np.str_('V191'), np.str_('V380'), np.str_('V160'), np.str_('V416'), np.str_('V224'), np.str_('V390')]",{'clf__C': np.float64(0.014177255479383569)},0.5636666666666666,0.0188030730348939,0.5635902564647082,0.0187568731161011,0.5635560106924964,0.0199182343073911
7,rand_1,LogRegl1,-430.0,74.83314773547883,"[np.str_('V255'), np.str_('V191'), np.str_('V380'), np.str_('V160'), np.str_('V416'), np.str_('V224'), np.str_('V390')]",{'clf__C': np.float64(0.16644299518966227)},0.5609999999999999,0.0187082869338696,0.560916880277353,0.0186550096651505,0.5610027555748202,0.0199800825063918
7,top,LogRegl2,-430.0,81.54753215150045,"['V255', 'V191', 'V176', 'V380', 'V160', 'V416', 'V224']",{'clf__C': np.float64(2.197148278547012)},0.5556666666666668,0.0118977121983831,0.5556313699991963,0.0119008734904968,0.554276038561698,0.0114214021471923
7,top+2,LogRegl1,-440.0,79.68688725254614,"['V176', 'V380', 'V160', 'V416', 'V224', 'V377', 'V390']",{'clf__C': np.float64(0.09469755543803382)},0.5676666666666667,0.0131233464566863,0.5676089883911202,0.0131588386947926,0.5671064404419064,0.0116697107230384
7,top+2,LogRegl2,-445.0,83.36666000266533,"['V176', 'V380', 'V160', 'V416', 'V224', 'V377', 'V390']",{'clf__C': np.float64(0.022468759419183908)},0.569,0.0102306728354818,0.5689543168220904,0.0102771303182375,0.5682393700157241,0.0086260917375606
7,top+1,LogRegl2,-445.0,88.60022573334675,"['V191', 'V176', 'V380', 'V160', 'V416', 'V224', 'V377']",{'clf__C': np.float64(0.01305676922327696)},0.5586666666666668,0.0118415464455543,0.5585734233789442,0.0118450947146179,0.5588330495781701,0.0115242175768212
7,top+1,LogRegl1,-455.0,81.54753215150045,"['V191', 'V176', 'V380', 'V160', 'V416', 'V224', 'V377']",{'clf__C': np.float64(1.4327991206605266)},0.5533333333333333,0.0118977121983831,0.5532639654128547,0.0119072037953145,0.552766116027381,0.0115657496891462
7,rand_0,LogRegl2,-530.0,14.142135623730953,"[np.str_('V255'), np.str_('V191'), np.str_('V416'), np.str_('V377'), np.str_('V309'), np.str_('V262'), np.str_('V212')]",{'clf__C': np.float64(2.197148278547012)},0.5676666666666667,0.0101434160364685,0.5675702938776944,0.010150334063862,0.5682429468889434,0.009335516868847
7,rand_0,LogRegl1,-530.0,18.708286933869708,"[np.str_('V255'), np.str_('V191'), np.str_('V416'), np.str_('V377'), np.str_('V309'), np.str_('V262'), np.str_('V212')]",{'clf__C': np.float64(1.1285665712014172)},0.5686666666666667,0.0087305339024725,0.5685669698642717,0.0087431527295372,0.5694347022022371,0.0076891577557135
