variable,auc,mutual_info,f_statistic,f_pvalue,boruta,rank_auc,rank_mutual_info,rank_f_statistic,rank_boruta,mean_rank,overall_rank
V11,0.5572462789542671,0.029784699557745098,51.51003482877924,8.168243653441816e-13,1,5.0,1.0,6.0,14.0,6.5,1
V176,0.5540393250660495,0.01804106678523154,42.49962752789507,7.766574491533376e-11,1,8.0,7.0,11.0,14.0,10.0,2
V255,0.5499509108689864,0.01725759202129895,35.99321519181014,2.1194680525770503e-09,1,12.0,8.0,13.0,14.0,11.75,3
V313,0.5427174642103755,0.01898658541896392,30.11543690029514,4.271574141154463e-08,1,16.0,4.0,16.0,14.0,12.5,4
V265,0.5527733758985807,0.01591133056116445,37.6321619625999,9.200324097168272e-10,1,10.0,16.0,12.0,14.0,13.0,5
V191,0.5457413738812542,0.01657696161169775,33.81788007638628,6.428042140692075e-09,1,14.0,11.0,14.0,14.0,13.25,6
V224,0.5622804749421426,0.011722337718779618,60.23772666492226,1.0125047313833502e-14,1,1.0,38.0,2.0,14.0,13.75,7
V161,0.5616598206422676,0.010237717109210065,56.468392444143426,6.727861401186224e-14,1,2.0,51.0,3.0,14.0,17.5,8
V443,0.534489754643947,0.016296892027559684,21.866458475890784,2.9999616088462936e-06,2,18.0,14.0,17.0,28.0,19.25,9
V5,0.5252018606508694,0.017163218695425364,11.360245961460334,0.0007560169324657563,4,20.0,9.0,20.0,30.0,19.75,10
V60,0.5446037476703464,0.011442211936067315,33.531665112140864,7.439619256782027e-09,1,15.0,39.0,15.0,14.0,20.75,11
V309,0.5534506715034715,0.009498299646727437,43.72284043085728,4.178612946951191e-11,1,9.0,64.0,10.0,14.0,24.25,12
V390,0.5552067119626436,0.008510963031375551,65.77155904742038,6.315616554225388e-16,1,7.0,76.0,1.0,14.0,24.5,13
V345,0.5479126239068548,0.009262446186979911,44.90755026258376,2.2936049490188276e-11,1,13.0,68.0,8.0,14.0,25.75,14
V464,0.5245376853482704,0.01249429004663738,7.930038146159945,0.0048811317741250864,7,21.0,32.0,22.0,33.0,27.0,15
V199,0.5517458322239744,0.008195099906711967,50.191732537322416,1.5881152980791087e-12,1,11.0,79.0,7.0,14.0,27.75,16
V377,0.5158683656071436,0.013432288735255371,3.8713823194975143,0.04917126652297235,3,40.0,23.0,37.0,29.0,32.25,17
V175,0.5583612646435374,0.006394420051091032,53.93759317085824,2.4040635783768014e-13,1,3.5,109.5,4.5,14.0,32.875,18
V32,0.5583612646435374,0.006394420051091032,53.93759317085824,2.4040635783768014e-13,1,3.5,109.5,4.5,14.0,32.875,19
V46,0.5288441845700125,0.006763158124462487,11.635048920960736,0.0006523360837838141,1,19.0,96.0,19.0,14.0,37.0,20
V256,0.5160426096217258,0.009380210074322104,5.9621214017426265,0.014650883044336585,20,39.0,65.0,26.0,46.0,44.0,21
V394,0.5155889991705409,0.010213451134946983,3.6443535699785405,0.0563168510983495,24,43.0,54.0,42.0,50.0,47.25,22
V477,0.5135686326212956,0.01252863760224665,2.804493540668039,0.09406308709705846,37,64.0,31.0,66.0,63.0,56.0,23
V212,0.5177000878100231,0.00612069211206423,4.729047639110874,0.029704047821975475,21,32.0,113.0,34.0,47.5,56.625,24
V329,0.5553539153542097,0.0018477696936638477,44.25696524444326,3.1882680333704246e-11,1,6.0,204.0,9.0,14.0,58.25,25
V221,0.5143225699920126,0.011333852069581818,2.975924242878979,0.08457366123145041,54,56.0,41.0,57.0,80.5,58.625,26
V6,0.5217641814467405,0.005705650127904471,7.147344554549922,0.0075319100324353384,49,23.0,121.0,23.0,75.5,60.625,27
V55,0.5177132081123149,0.0042356009905955005,4.793795981475966,0.02860849357743985,8,31.0,145.0,33.0,34.0,60.75,28
V94,0.5127337333852171,0.015342095382856247,3.835524782976799,0.05023282024460665,87,79.0,18.0,38.0,113.0,62.0,29
V3,0.5215772171390829,0.003617304829412138,4.811795311516905,0.02831147865225245,27,25.0,162.0,32.0,53.0,68.0,30
V366,0.5105727235955517,0.008688324614580578,3.3248686204307374,0.06829916557874917,16,107.0,74.0,49.0,42.5,68.125,31
V356,0.5121754805230713,0.010772585015342617,2.2252941209039268,0.1358299126622185,32,85.0,48.0,89.0,58.0,70.0,32
V393,0.5217334607389355,0.0023165073958517635,5.634493743272165,0.01764801035229259,16,24.0,189.0,27.0,42.5,70.625,33
V306,0.5113095405718148,0.01557867431390103,2.6573679795619336,0.10313417500860077,74,94.0,17.0,75.0,100.0,71.5,34
V444,0.5151016279415077,0.004013055304427526,3.3527120271823327,0.0671538883489001,14,51.0,153.0,48.0,40.0,73.0,35
V78,0.5172258368832818,0.0018104373040479516,5.309992636565864,0.021244253146653746,5,34.0,207.0,30.0,31.0,75.5,36
V34,0.5134231892702807,0.013453222216978089,2.581976476593474,0.10814979338092577,124,66.0,22.0,78.0,150.0,79.0,37
V262,0.5091218101665063,0.00951195830366558,1.838910177041436,0.17513999524068335,1,146.0,63.0,108.0,14.0,82.75,38
V321,0.5140708841931718,0.00545565460914732,3.0329868297466236,0.08164922188665809,66,58.0,129.0,55.0,92.0,83.5,39
V449,0.511918034591517,0.007397923675650286,2.1286017365935233,0.1446354251558705,47,87.0,90.0,92.0,73.5,85.625,40
V213,0.5162716548989288,0.0018935067896468372,2.8548754950968385,0.09115965934662469,13,38.0,202.0,64.0,39.0,85.75,41
V160,0.5085222763532471,0.018163217106782037,1.196540731929131,0.27406688782818406,1,166.5,5.5,159.5,14.0,86.375,42
V416,0.5085222763532471,0.018163217106782037,1.196540731929131,0.27406688782818406,1,166.5,5.5,159.5,14.0,86.375,43
V427,0.5163539767956253,0.0013459743384376388,3.9600765095993262,0.04664597872793145,59,37.0,221.0,36.0,85.0,94.75,44
V127,0.5190218782640752,0.0030148168031627343,3.783221718187894,0.051824900210704614,110,29.0,175.0,40.0,136.0,95.0,45
V88,0.5131988641018289,0.00970598091416952,3.6205814852523703,0.0571263340729221,179,72.0,61.0,43.0,205.5,95.375,46
V249,0.5153669140536998,0.0029432133859399467,2.7904554343732357,0.09488988666092482,84,46.0,177.0,67.0,110.0,100.0,47
V421,0.5126058904397157,0.0105810791639529,2.3721700027091304,0.12357855722962192,163,80.0,49.0,84.0,189.0,100.5,48
V348,0.5105984841890758,0.007958696587808678,1.7032502232001034,0.1919235468510814,72,106.0,83.0,118.0,98.0,101.25,49
V328,0.5102182354281443,0.006563413990289257,2.7678052493243226,0.0962406431219105,92,116.0,107.0,69.0,118.5,102.625,50
V115,0.5124735673909926,0.002017787692781825,2.334566921442653,0.12659345569036584,23,81.0,199.0,85.0,49.0,103.5,51
V435,0.5122938832510702,0.005043209407290528,2.209452407018103,0.13723042819576375,82,82.0,136.0,90.0,108.5,104.125,52
V121,0.5098019858377537,0.0060317804755782856,1.4167904560542768,0.23398893419344552,12,128.0,115.0,139.0,38.0,105.0,53
V120,0.5357558638151023,0.0,21.672958618861863,3.316857595870679e-06,1,17.0,378.5,18.0,14.0,106.875,54
V17,0.5106664857558318,0.015998113837225825,2.574369602455409,0.10867054223522322,204,105.0,15.0,79.0,230.5,107.375,55
V375,0.5100525516107892,0.01197458640834248,1.5228525528109906,0.21724634955550434,131,119.0,36.0,130.0,157.5,110.625,56
V446,0.509718943924468,0.009809402258127209,1.3911968239382502,0.2382592290928868,89,134.0,60.0,145.0,115.0,113.5,57
V289,0.5097016635263276,0.007311993833218899,2.0100901101366775,0.15631837662654127,103,135.0,91.0,99.0,129.5,113.625,58
V469,0.5229683691912261,0.0,8.073896042334352,0.004508927073463681,10,22.0,378.5,21.0,36.5,114.5,59
V146,0.5206070347860814,0.0,6.376606625227696,0.01159410717615689,18,26.0,378.5,25.0,44.0,118.375,60
V23,0.5121806806428819,0.007443086106958319,2.2516038087995525,0.13353916732736573,200,84.0,89.0,87.0,226.0,121.5,61
V135,0.509438137454687,0.012150657702029832,2.790388721027659,0.09489383470090765,219,140.0,35.0,68.0,245.0,122.0,62
V53,0.5088142830810822,0.01272611515737121,1.1808486827849998,0.2772356924766209,117,157.0,28.0,162.0,143.0,122.5,63
V229,0.5174615223134741,0.0,6.9969744884224365,0.00819030927597181,34,33.0,378.5,24.0,60.0,123.875,64
V89,0.5109701727527802,0.005877790320872878,2.1138665026597008,0.1460328841731641,156,101.0,120.0,93.0,182.0,124.0,65
V341,0.51160426736232,0.0017837097033479576,1.825091034088663,0.17676962391798395,65,91.0,208.0,109.0,91.0,124.75,66
V380,0.5074508916685441,0.017061158075342142,0.4966900859978849,0.4809909300025266,1,211.0,10.0,265.0,14.0,125.0,67
V342,0.5055965289440268,0.01387707075746869,0.9344329514497612,0.3337604399326159,1,269.0,21.0,201.0,14.0,126.25,68
V491,0.5088381236303685,0.006733074806208661,1.7486789686665254,0.18610339955725008,113,154.0,98.0,114.0,139.5,126.375,69
V354,0.5115073051283101,0.0005809907350098342,1.9823770573676465,0.15920240692531754,42,93.0,243.0,102.0,68.0,126.5,70
V387,0.5077824193069409,0.013119331263590439,1.4793053916402372,0.223940668923014,121,200.0,26.0,133.0,147.5,126.625,71
V134,0.5133844683781514,0.004211709644583506,2.72570725132662,0.09880719917276329,196,68.0,147.0,70.0,222.0,126.75,72
V43,0.5167803066182645,0.0011217331788406781,3.4329906773911203,0.06396518447999153,173,35.0,229.0,47.0,199.0,127.5,73
V70,0.5183789834517787,0.0035816099687173697,5.045748142883534,0.024729939330815204,262,30.0,163.0,31.0,288.0,128.0,74
V210,0.5192962845863969,0.0,5.601377788488399,0.01798426348317456,53,27.0,378.5,28.0,79.0,128.125,75
V283,0.5190817196428206,0.0,5.458058160755064,0.019517604143862107,52,28.0,378.5,29.0,78.0,128.375,76
V142,0.5147923408155324,0.0,3.305735308853164,0.06909827461557541,9,53.0,378.5,50.0,35.0,129.125,77
V190,0.5115105052020399,0.008043967745958946,2.008975105709024,0.15643325899211652,217,92.0,81.0,100.0,243.5,129.125,78
V483,0.5098723874598071,0.0021707078310211347,1.0368633843569057,0.3086013764364269,1,127.0,194.0,183.0,14.0,129.5,79
V307,0.5157906038155119,0.0056337841962785795,3.6508154204597387,0.056098924389148305,292,42.0,123.0,41.0,318.0,131.0,80
V385,0.5137806375058882,0.0,3.509839038570645,0.06106369390477739,15,62.0,378.5,44.0,41.0,131.375,81
V237,0.515497317058185,0.0,3.285413731707045,0.0699579836323897,26,44.0,378.5,51.0,52.0,131.375,82
V2,0.5132175845331477,0.002295466092813392,2.601593161511577,0.10681948378429347,163,71.0,191.0,76.0,189.0,131.75,83
V454,0.5153974747578185,0.0,3.4701594192107534,0.06254391066425258,34,45.0,378.5,45.0,60.0,132.125,84
V207,0.5135710326765929,0.00017784757098437964,2.711819403161483,0.09967019746829725,116,63.0,253.0,71.0,142.0,132.25,85
V185,0.5151345887009237,0.0,3.4685330407891386,0.06260539122990723,38,50.0,378.5,46.0,64.0,134.625,86
V320,0.5089552463288753,0.009994997757399426,1.2076281859057216,0.2718552950720135,155,151.0,57.0,157.0,181.0,136.5,87
V168,0.514275208900813,0.0,3.0724828521837715,0.07968907809225904,40,57.0,378.5,54.0,66.5,139.0,88
V169,0.5096407021217769,0.0032627572571015673,1.4815398139143796,0.2235912274625156,92,137.0,169.0,132.0,118.5,139.125,89
V179,0.5158181244495874,0.002497655129267251,3.798184185378058,0.051364070882452255,273,41.0,185.0,39.0,299.5,141.125,90
V346,0.5105216824195629,0.007861529979906745,2.1064477987543246,0.14674221669404533,253,108.0,84.0,95.0,279.5,141.625,91
V414,0.5103175177156082,0.004184113103697262,2.027764254460749,0.15451009270262084,184,113.0,149.0,98.0,210.0,142.5,92
V82,0.5134073489053188,0.0,2.2462575578102504,0.13400113653576748,19,67.0,378.5,88.0,45.0,144.625,93
V358,0.5147148990312737,0.0,3.230404082164306,0.0723431943147119,71,54.0,378.5,52.0,97.0,145.375,94
V156,0.5058590149917054,0.004638558167577411,1.7622069836133185,0.1844101042548566,44,260.0,140.0,113.0,70.5,145.875,95
V482,0.5153446735412783,0.0,4.079121343075547,0.04346949385222044,100,47.0,378.5,35.0,126.5,146.75,96
V27,0.5131587031765212,0.0,2.540515500528659,0.11102178605656372,34,73.0,378.5,80.0,60.0,147.875,97
V290,0.5097533447170624,0.006687711812350061,0.9619030764328363,0.32675533565339715,141,130.0,100.0,196.0,167.0,148.25,98
V106,0.5088538039916439,0.008374486157715966,1.1561166510769605,0.28232427347387146,181,152.0,77.0,167.0,207.0,150.75,99
V278,0.5140024026153562,0.0,2.9565130509400106,0.08559412696738944,88,59.0,378.5,59.0,114.0,152.625,100
V220,0.5167759865187294,0.0,2.6718186826676185,0.10220222361895252,97,36.0,378.5,74.0,123.5,153.0,101
V72,0.5120586778319373,0.0,2.167788668437664,0.1409917226796952,31,86.0,378.5,91.0,57.0,153.125,102
V363,0.5095171792758104,0.002606747878623139,1.1508509464467946,0.28342288127475984,97,138.0,183.0,168.0,123.5,153.125,103
V105,0.5085581171790198,0.005662702324074509,1.0204867154881199,0.3124524885907941,119,164.0,122.0,185.0,145.0,154.0,104
V402,0.5086213186351813,0.0011247563819876127,1.7054593694803915,0.1916356572392393,85,162.0,228.0,117.0,111.5,154.625,105
V460,0.51286333637127,0.0,2.437367664444469,0.1185382025224293,54,77.0,378.5,83.0,80.5,154.75,106
V84,0.5149195437462879,0.0,2.96153751858069,0.08532871425450558,109,52.0,378.5,58.0,135.0,155.875,107
V291,0.5145708957134373,0.0,1.639736092671371,0.2004211026766458,47,55.0,378.5,121.0,73.5,157.0,108
V211,0.5132420650971798,0.0,2.272715330366826,0.13173223285881733,68,70.0,378.5,86.0,94.0,157.125,109
V37,0.5077648189014276,0.0006210836778428597,1.4143566079349783,0.2343910117624407,28,201.0,242.0,140.0,54.0,159.25,110
V272,0.513872319618244,0.0,2.946005043238425,0.08615209492497586,111,60.0,378.5,62.0,137.0,159.375,111
V113,0.5134398296536753,0.0,2.680545719519589,0.1016438668772596,95,65.0,378.5,73.0,121.0,159.375,112
V472,0.506660313453622,0.013355819129869273,0.7374266269187492,0.3905276516136514,129,235.0,25.0,223.0,155.0,159.5,113
V295,0.5104874416306552,0.001002283319274655,2.0707962926857113,0.15020573113348018,182,110.0,232.0,97.0,208.0,161.75,114
V97,0.507409610717431,0.008990540533291957,0.8047578261246054,0.3697178619341288,120,215.0,71.0,216.0,146.0,162.0,115
V317,0.5116351480738117,0.0,2.8444323866205683,0.09175337864594418,90,90.0,378.5,65.0,116.0,162.375,116
V48,0.5078446607409834,0.004790476135230648,0.9633350546319587,0.3263955483678014,99,196.0,137.0,195.0,125.0,163.25,117
V326,0.5152384310934524,0.0,2.946317311558306,0.08613545705345749,144,49.0,378.5,61.0,170.0,164.625,118
V16,0.5153113927744896,0.0,2.689067659119867,0.10110185033202858,134,48.0,378.5,72.0,160.0,164.625,119
V344,0.5081721882872181,0.010955924617776613,1.082933396640374,0.298092597161943,236,181.0,46.0,178.0,262.0,166.75,120
V351,0.5127538938497143,0.0,3.1514645015621214,0.07591969487187923,146,78.0,378.5,53.0,172.5,170.5,121
V445,0.5110959356503574,0.0,1.859711112866221,0.1727195608693079,76,97.0,378.5,106.0,102.0,170.875,122
V234,0.5097335042599381,0.0,1.968952004025901,0.1606212647397936,46,132.0,378.5,103.0,72.0,171.375,123
V299,0.5072465669609028,0.01083903921903362,1.0921098563831046,0.29605474475485355,220,218.0,47.0,177.0,246.0,172.0,124
V312,0.5088144430847688,0.0026165978205627827,2.1034105513831487,0.14703374122183205,234,156.0,182.0,96.0,260.0,173.5,125
V436,0.5075172931984353,0.006654415672645131,0.6859823826368081,0.40757383952530696,123,207.0,103.0,236.0,149.0,173.75,126
V340,0.5078742614229832,0.0021114640597139633,0.6913381205411131,0.40574932978184847,49,195.0,196.0,234.0,75.5,175.125,127
V124,0.5049780346939193,0.0062529894225968885,0.7530776321610947,0.3855452437189323,51,292.0,111.0,221.0,77.0,175.25,128
V293,0.5109978533905422,0.0,1.8834458054669245,0.17000460943488518,96,99.0,378.5,105.0,122.0,176.125,129
V397,0.5101795945378582,0.0,1.5824804232827638,0.2084625373174498,63,117.0,378.5,126.0,89.0,177.625,130
V492,0.5102447160382575,0.002373126749150689,1.5837912514698718,0.20827422135480236,259,115.0,187.0,125.0,285.0,178.0,131
V231,0.5066932742130379,0.004775411939020868,1.5424028583207972,0.21431877266545088,188,234.0,138.0,127.0,214.0,178.25,132
V439,0.5105021619698118,0.0,1.677093014302327,0.1953709880560387,81,109.0,378.5,119.0,107.0,178.375,133
V173,0.5122562823847461,0.0,3.0269766230378696,0.08195203428542251,170,83.0,378.5,56.0,196.5,178.5,134
V130,0.5094266171892601,0.0015096122685742674,1.6564241907065433,0.19814641620012685,214,141.0,215.0,120.0,240.0,179.0,135
V287,0.5104479207200934,0.0,1.6053998223508197,0.20519868897180812,85,111.0,378.5,124.0,111.5,181.25,136
V415,0.5133659079505192,0.0,1.401162617220129,0.23658530233694164,127,69.0,378.5,142.0,153.0,185.625,137
V412,0.5117871515759723,0.0,1.997307330847409,0.1576412002980176,153,88.0,378.5,101.0,179.5,186.75,138
V65,0.5092955741700289,0.001621226096483852,1.4114873187212302,0.2348660992593312,229,142.0,210.0,141.0,255.0,187.0,139
V12,0.5090506085260205,0.0014619065967540479,1.4873836758683898,0.2226803898386572,227,148.0,217.0,131.0,253.5,187.375,140
V87,0.5085445168656686,0.012828947475770791,1.1123908185741305,0.29161380894779515,363,165.0,27.0,176.0,389.0,189.25,141
V407,0.5102659965285601,0.009931114116960016,1.536882172473217,0.21514068859773378,431,114.0,59.0,129.0,457.5,189.875,142
V480,0.5100829523112212,0.0,1.7201324058549368,0.18973624580231677,127,118.0,378.5,116.0,153.0,191.375,143
V244,0.5109788129518504,0.0,1.8421615392218247,0.1747590978213912,159,100.0,378.5,107.0,185.0,192.625,144
V288,0.5075485739191431,0.00954163804951147,0.6024540964083466,0.437679933694213,231,206.0,62.0,249.0,257.0,193.5,145
V314,0.5078126600036864,0.004519942881934247,0.8370382504728027,0.3602893448714295,199,197.0,144.0,211.0,225.0,194.25,146
V189,0.5097328642451922,0.0,2.109085398356836,0.14648958068049994,148,133.0,378.5,94.0,174.0,194.875,147
V100,0.5099048682081635,0.0,1.4545123312324035,0.22786237611885057,115,125.0,378.5,137.0,141.0,195.375,148
V300,0.5117586709197779,0.0,2.46094034376969,0.1167721975918392,211,89.0,378.5,82.0,237.0,196.625,149
V441,0.512990379298339,0.0,2.598617999982092,0.10702008409912286,233,75.0,378.5,77.0,259.0,197.375,150
V500,0.5107588878847769,0.0,1.7358704786473556,0.18772330766982545,169,103.0,378.5,115.0,195.0,197.875,151
V180,0.5112213785405616,0.0,1.88480349953878,0.16985079458861507,191,96.0,378.5,104.0,217.0,198.875,152
V198,0.5070120015565158,0.0030898960975316303,0.40723936656928683,0.523403266798993,80,223.0,172.0,295.0,106.0,199.0,153
V465,0.5048698722018555,0.005230559014168135,0.38001057212094186,0.537625654093599,39,299.0,132.0,301.0,65.0,199.25,154
V54,0.5067185547955024,7.088607725469487e-06,0.632401000597671,0.42651373937608983,40,233.0,256.0,244.0,66.5,199.875,155
V243,0.5088272433796875,0.0,1.176317412668897,0.2781592874573305,77,155.0,378.5,163.0,103.0,199.875,156
V413,0.5129473383066746,0.0015548773918687697,2.5316947494291626,0.11164355977818724,404,76.0,214.0,81.0,430.0,200.25,157
V30,0.5138257585454769,0.0,2.8896355264118903,0.08921331241579661,275,61.0,378.5,63.0,301.0,200.875,158
V474,0.5107514477133553,0.0,1.3380553564463866,0.24743248507450807,160,104.0,378.5,150.0,186.5,204.75,159
V49,0.509911268355623,0.00035771929570627137,1.0808270727329754,0.2985628973263297,249,123.0,246.0,179.0,275.5,205.875,160
V155,0.5077908995023245,0.0,0.896535747023331,0.343758081063188,30,199.0,378.5,204.0,56.0,209.375,161
V4,0.5064139077764351,0.0002106532010268669,0.6075645449519163,0.43574318456795624,73,245.0,251.0,248.0,99.0,210.75,162
V333,0.5082321896696499,0.0,1.4707945268449591,0.225277695508314,131,178.0,378.5,134.0,157.5,212.0,163
V22,0.5131253424078891,0.0,1.8031517562152473,0.17939290771873423,261,74.0,378.5,110.0,287.0,212.375,164
V258,0.5099583894412927,0.0,1.5413462695604025,0.21447578749509477,196,122.0,378.5,128.0,222.0,212.625,165
V93,0.5091806115212895,0.0,1.2593813828271558,0.26182212741628025,151,145.0,378.5,154.0,177.5,213.75,166
V273,0.5063500663055277,0.0,1.6291501806511084,0.20187993579254554,79,249.0,378.5,123.0,105.0,213.875,167
V152,0.5065297504454502,0.01637513724639339,0.9510522480120724,0.32949879828967976,386,239.0,12.0,199.0,412.0,215.5,168
V240,0.5064324682040674,0.00038511917622829905,0.616654821646749,0.4323303202238316,105,243.0,244.0,245.0,131.0,215.75,169
V126,0.5068942388432629,0.007444424613652911,1.0686252505965563,0.3013061914751454,340,229.0,88.0,181.0,366.5,216.125,170
V57,0.504868672174207,0.003875883404260261,1.029064271405092,0.3104276491644767,202,300.0,156.0,184.0,228.0,217.0,171
V355,0.507332728946075,0.0,0.7353415469190976,0.3911983620498938,29,216.0,378.5,224.0,55.0,218.375,172
V359,0.5080419452864193,0.0,1.4001589010354898,0.23675324651443014,140,187.0,378.5,143.0,166.0,218.625,173
V466,0.5078945818911668,0.006430713222704609,0.6691712272462712,0.413379700739253,313,192.0,108.0,238.0,339.0,219.25,174
V204,0.505587008724681,0.0034157215854699885,0.4769283599889645,0.48984901680824505,142,270.0,167.0,273.0,168.5,219.625,175
V462,0.5097360643189219,0.0,1.3588733268510533,0.243788465481425,196,131.0,378.5,149.0,222.0,220.125,176
V360,0.5088483638663035,0.002469805560535221,0.8312294910845051,0.3619612207634118,304,153.0,186.0,213.0,330.0,220.5,177
V242,0.5099055082229095,0.003060000006612107,1.2729166968150216,0.2592743763195083,408,124.0,173.0,153.0,434.0,221.0,178
V109,0.5080363451573924,0.0,0.6970373560111033,0.40382088451881415,62,188.0,378.5,231.0,88.0,221.375,179
V201,0.5046698675937493,0.0026991741528992197,0.32885654009264836,0.566358976908725,56,312.0,181.0,313.0,82.0,222.0,180
V123,0.50460474609335,0.00018444785408622266,0.8638208764564486,0.3527165360071118,91,315.0,252.0,209.0,117.0,223.25,181
V188,0.5098728674708665,0.0,1.4519948164780045,0.22826518822248157,232,126.0,378.5,138.0,258.0,225.125,182
V381,0.5045709053136583,0.010120472446109252,0.31158239561138845,0.5767357866819931,184,318.0,55.0,318.0,210.0,225.25,183
V101,0.5069800008192189,0.0018147078108476933,1.1465803285050162,0.2843178575790632,273,224.0,206.0,172.0,299.5,225.375,184
V437,0.5069319997132734,0.0003679725363183728,0.6868254724187354,0.40728583320642575,172,225.0,245.0,235.0,198.0,225.75,185
V261,0.5083446722612489,0.0009332526973337973,1.3204873827632724,0.25055958730498845,319,173.0,234.0,151.0,345.5,225.875,186
V150,0.5051266781186639,0.01097628066180123,0.6119590300205867,0.43408821196711167,299,288.0,45.0,246.0,325.5,226.125,187
V388,0.5057911734286358,0.005999929500922319,0.5074217902976815,0.4762903290278366,237,261.0,117.0,264.0,263.5,226.375,188
V311,0.5064374283183484,0.003416017643385061,0.008077846845260682,0.9283886848592573,6,241.0,166.0,471.0,32.0,227.5,189
V378,0.508656199438835,0.00022333206670865913,1.6322901518460204,0.2014459205645782,354,161.0,250.0,122.0,380.0,228.25,190
V478,0.5063958273598623,0.0,1.1838909225717966,0.27661776716970815,102,248.0,378.5,161.0,128.0,228.875,191
V395,0.5081299473139862,0.0,0.9883466872498903,0.3201949219308264,138,183.0,378.5,190.0,164.0,228.875,192
V308,0.5043884211092223,0.0022296635001533005,0.32303767588440313,0.5698133405132794,57,329.0,192.0,314.0,83.0,229.5,193
V138,0.5082417898908391,0.0,0.8455130410946675,0.35786915869461683,130,176.0,378.5,210.0,156.0,230.125,194
V323,0.5064564687570402,0.0,0.5768605061049972,0.4475813605927489,25,240.0,378.5,254.0,51.0,230.875,195
V236,0.504525864275913,0.012153959734833464,0.41222490547322305,0.5208718319649215,248,322.0,34.0,294.0,274.0,231.0,196
V187,0.5096626226268253,0.0,1.3755570566503634,0.24091528852468097,237,136.0,378.5,148.0,263.5,231.5,197
V74,0.5097837454174944,0.0,0.9076509964030953,0.34078451860009057,194,129.0,378.5,202.0,220.0,232.375,198
V372,0.5073198486493129,0.00833877252837989,0.8344887141483207,0.3610218374121479,402,217.0,78.0,212.0,428.0,233.75,199
V118,0.5050711568394536,0.009250413963140414,0.6960220933316548,0.40416343750220884,321,290.0,69.0,233.0,347.0,234.75,200
V163,0.5078006597272002,0.0012459727344344973,0.8813572539684074,0.34787557337474845,284,198.0,225.0,206.0,310.5,234.875,201
V153,0.5112536192833883,0.0,2.955409050610195,0.0856525643512811,387,95.0,378.5,60.0,413.5,236.75,202
V69,0.5046754677227763,0.004712318549781935,0.06384781192305464,0.8005249325432563,60,310.0,139.0,414.0,86.0,237.25,203
V21,0.5047653897945809,0.014855362801711625,0.24406953722087743,0.6213039183793646,269,305.0,20.0,334.0,295.5,238.625,204
V496,0.5074694520961762,0.004207483538114065,0.4930936246059904,0.4825832451342619,305,210.0,148.0,267.0,331.0,239.0,205
V327,0.5082203493968501,0.0059684759255123065,0.647024630178152,0.42121672313442465,392,180.0,118.0,243.0,418.0,239.75,206
V215,0.5013094701701928,0.009959112837092166,0.03384654023073763,0.85404108582993,1,449.0,58.0,441.0,14.0,240.5,207
V471,0.5052730814917976,0.020560767347286513,0.415224264649648,0.5193592855990625,358,282.0,3.0,293.0,384.0,240.5,208
V259,0.5059089361418887,0.006250554446451284,0.5223029456411725,0.4698947760847962,308,257.0,112.0,262.0,334.5,241.375,209
V335,0.5081435476273373,0.0,0.9837081287704047,0.3213330539235084,190,182.0,378.5,192.0,216.0,242.125,210
V178,0.5077412983595142,0.011026768271027443,0.5225722495205547,0.4697803167825296,443,202.0,44.0,261.0,469.0,244.0,211
V347,0.5051874795195281,0.005186536072026016,0.008117593169875486,0.9282131976286897,64,286.0,133.0,470.0,90.0,244.75,212
V167,0.50451370399574,0.0006516631877722112,0.4424828289418812,0.5059572208162562,106,323.0,241.0,285.0,132.0,245.25,213
V362,0.5083464323018002,0.0,1.0466727319119409,0.3063241475879587,224,172.0,378.5,182.0,250.0,245.625,214
V365,0.5091096498863334,0.0,1.0714216578530449,0.30067462647836674,252,147.0,378.5,180.0,278.0,245.875,215
V174,0.5090149277039343,0.0,0.9666297805463564,0.3255697323957433,241,149.0,378.5,193.0,267.5,247.0,216
V429,0.5068953588690683,0.0,0.7461309159235,0.3877454276105529,139,227.0,378.5,222.0,165.0,248.125,217
V239,0.5053444431359699,0.0013098505559594464,0.4062296735740596,0.5239185985771809,168,281.0,224.0,296.0,194.0,248.75,218
V302,0.5110421744116984,0.0,1.7845972312429845,0.1816466485275146,382,98.0,378.5,111.0,408.0,248.875,219
V114,0.5082749106539415,0.0,0.6502346435684427,0.42006716711835995,175,175.0,378.5,242.0,201.0,249.125,220
V246,0.5092750936981588,0.0,1.4674431702717807,0.22580680878406184,315,143.0,378.5,135.0,341.5,249.5,221
V294,0.5099584694431359,0.0,1.461469205189156,0.2267536862488537,337,121.0,378.5,136.0,363.5,249.75,222
V433,0.5068614380875336,0.0018667876548084106,1.3961199945571006,0.2374305086326858,396,231.0,203.0,144.0,422.5,250.125,223
V209,0.5085869178425871,0.0,1.1486398026904345,0.2838858155382766,263,163.0,378.5,170.0,289.5,250.25,224
V154,0.5058682952055216,0.0009096839535560619,0.48826019285031924,0.48473693295618836,215,258.0,235.0,270.0,241.5,251.125,225
V36,0.5057135716406906,0.005505761230252482,0.4751352714523916,0.49066614011990434,315,264.0,127.0,274.0,341.5,251.625,226
V488,0.5042394576771049,0.008926174285549537,0.2672595087702992,0.6051989448675236,246,335.0,72.0,328.0,272.5,251.875,227
V369,0.5052604412005652,0.0,0.9435418929044175,0.33141562458078266,121,284.0,378.5,200.0,147.5,252.5,228
V119,0.508443714543183,0.0,1.1244849033097328,0.2890060242144594,265,168.0,378.5,174.0,291.5,253.0,229
V280,0.5063959873635488,0.0,0.22161477653123582,0.6378328284354464,21,247.0,378.5,340.0,47.5,253.25,230
V277,0.507116003952731,0.0,0.8965157315666756,0.34376346714423256,186,220.0,378.5,205.0,212.0,253.875,231
V450,0.5064291081266513,0.001821688101798724,0.9911835456679278,0.31950147429819176,352,244.0,205.0,189.0,378.5,254.125,232
V238,0.5074190509349336,0.0,0.43919889532178535,0.5075399277550888,112,214.0,378.5,287.0,138.0,254.375,233
V159,0.5045620251090586,0.007801172804402512,0.29385508980297537,0.5877847898440904,265,320.0,85.0,321.0,291.5,254.375,234
V230,0.5090061275011777,0.0,1.2026929920476472,0.2728369356776349,308,150.0,378.5,158.0,334.5,255.25,235
V128,0.5070918433960718,0.006678552976689733,0.7884407208678136,0.37461476233091057,453,221.0,102.0,219.0,479.5,255.375,236
V406,0.5068127969668421,0.0,0.7056852633861873,0.40092011396582244,157,232.0,378.5,229.0,183.0,255.625,237
V247,0.5078883417473938,0.016358289148670435,0.2704059706499529,0.603082604198344,463,193.0,13.0,327.0,489.5,255.625,238
V104,0.5079825839187335,0.0,1.3154344617755371,0.25146797024422807,277,189.0,378.5,152.0,303.5,255.75,239
V59,0.5030578304524136,0.006004487939858638,0.4739727991608253,0.49119710330006106,243,371.0,116.0,275.0,269.0,257.75,240
V274,0.5080558656071437,0.0,0.9665667725409194,0.32558549925604335,249,186.0,378.5,194.0,275.5,258.5,241
V39,0.5057343721199337,0.0008777090983460578,0.4917288479564385,0.4831897638802109,241,263.0,236.0,268.0,267.5,258.625,242
V102,0.5022443717103242,0.003755324992084086,0.3984522326616341,0.5279185383944541,153,402.0,157.0,297.0,179.5,258.875,243
V192,0.5092146123046675,0.0,1.2520786590407544,0.2632096100365712,332,144.0,378.5,155.0,358.0,258.875,244
V182,0.5108012088598521,0.0,1.7638634708707026,0.1842039944405351,419,102.0,378.5,112.0,445.0,259.375,245
V440,0.5083542724824379,0.0031134012862750193,0.7011895927641782,0.4024243004726053,440,171.0,171.0,230.0,466.0,259.5,246
V257,0.5045007436971348,0.006713934702806679,0.26047137855828445,0.6098190346457691,260,324.0,99.0,330.0,286.0,259.75,247
V203,0.5100045505048436,0.0,1.1402523786526992,0.28565057815719525,343,120.0,378.5,173.0,369.0,260.125,248
V194,0.5075979350564237,0.0,0.5924876981197911,0.4414951272372659,179,205.0,378.5,252.0,205.5,260.25,249
V325,0.5010151433889036,0.003662519688512722,0.42211800538604277,0.5159119462447159,108,458.0,160.0,290.0,134.0,260.5,250
V63,0.5039533710856697,0.0,0.5493440873648808,0.45862064512705014,36,346.0,378.5,257.0,62.0,260.875,251
V172,0.5018883635078952,0.012393314315282344,0.05923833165366375,0.8077138519383161,146,421.0,33.0,419.0,172.5,261.375,252
V58,0.5041623359002192,0.012638488470332776,0.27120708207277383,0.6025462684015067,327,339.0,29.0,325.0,353.0,261.5,253
V373,0.5054014044483585,0.0,0.4530696250724292,0.5009119525332891,82,278.0,378.5,281.0,108.5,261.5,254
V196,0.5049532341225141,0.0014170161887445687,0.35040145087091584,0.5539127412138206,201,294.0,219.0,308.0,227.0,262.0,255
V8,0.5082414698834661,0.0,1.010369689360353,0.31486294996414504,280,177.0,378.5,186.0,306.5,262.0,256
V10,0.508322911759887,0.0,1.1605239796612976,0.2814088909141693,306,174.0,378.5,166.0,332.5,262.75,257
V107,0.5068947188543225,7.299691510409545e-05,0.6077612753579342,0.435668889879605,297,228.0,255.0,247.0,323.0,263.25,258
V260,0.5070611226882668,0.005269132809653687,0.6685145766219078,0.41360894788266245,438,222.0,131.0,239.0,464.0,264.0,259
V455,0.5038493686894546,0.004061604716831146,0.013287219993361202,0.9082355850531642,67,351.0,151.0,464.0,93.0,264.75,260
V285,0.508230909640158,0.0007137758712700837,1.231393724768424,0.26718955069702266,460,179.0,240.0,156.0,486.0,265.25,261
V208,0.5015099547893583,0.010234445013789228,0.21331799811517058,0.6441992303278528,206,442.0,52.0,346.0,232.5,268.125,262
V422,0.5014489933848076,0.00462419789592583,0.2097813631220869,0.6469587349871204,118,443.0,141.0,347.0,144.0,268.75,263
V227,0.501604516968071,0.0030367120752250454,0.023777951578326857,0.8774574715170015,1,436.0,174.0,451.0,14.0,268.75,264
V425,0.5054541256630553,0.004120434671947892,0.4393703954167709,0.5074570619494934,340,275.0,150.0,286.0,366.5,269.375,265
V411,0.5018821233641222,0.00926416524453888,0.06158033842697095,0.8040255586866828,145,422.0,67.0,418.0,171.0,269.5,266
V108,0.5034647198271449,0.0,0.5388541309858655,0.46294243415206765,58,360.0,378.5,258.0,84.0,270.125,267
V77,0.5019963659962726,0.013387503274757684,0.09385703814423463,0.7593425901726469,223,414.0,24.0,394.0,249.0,270.25,268
V98,0.5046844279292195,0.005058591639437449,0.31718999335731646,0.5733265337667612,299,309.0,135.0,315.0,325.5,271.125,269
V149,0.5063087853544146,0.0,0.7083500357142328,0.4000323717949138,203,250.0,378.5,228.0,229.0,271.375,270
V7,0.5042013767997214,0.0,0.24039753739093367,0.623940662273866,10,336.0,378.5,336.0,36.5,271.75,271
V103,0.5066474331568599,0.0010918259781980133,0.142986405649846,0.7053460461123804,226,236.0,230.0,370.0,252.0,272.0,272
V485,0.5069105592192844,0.001339150320522231,0.6788011038826076,0.4100391785521975,382,226.0,222.0,237.0,408.0,273.25,273
V334,0.500955862023061,0.0086700516336915,0.21502101648267502,0.642880320138623,187,460.0,75.0,345.0,213.0,273.25,274
V1,0.507685137065558,0.0,0.8747345410630404,0.34969309857747166,282,203.0,378.5,207.0,308.5,274.25,275
V461,0.5062468639277449,0.005958681447290504,0.5936369570392054,0.44105258353950166,450,252.0,119.0,251.0,476.0,274.5,276
V186,0.5060967804698221,0.0023470209182769874,0.5598017329381867,0.45437534253082223,375,254.0,188.0,256.0,401.0,274.75,277
V310,0.5021106086284228,0.006734671014138938,0.013926719386870613,0.9060632704340305,107,408.0,97.0,462.0,133.0,275.0,278
V403,0.5033120763102382,0.00658435234072452,0.1658991673640044,0.6837998076724611,251,364.0,106.0,360.0,277.0,276.75,279
V110,0.5032360745591579,0.009270566007817393,0.16391134175326305,0.6855980006154828,295,367.0,66.0,361.0,321.0,278.75,280
V389,0.5055289273864869,0.0007323549882318758,0.4588881893576837,0.4981753924838286,298,273.0,239.0,279.0,324.0,278.75,281
V424,0.5095156592407889,0.0,0.9937562636952335,0.3188743000495615,384,139.0,378.5,188.0,410.0,278.875,282
V331,0.510408879820591,0.0,1.0023568322624248,0.3167893627621972,413,112.0,378.5,187.0,439.5,279.25,283
V64,0.5079445030413501,0.0,0.49092139893009856,0.48354919280729364,256,190.0,378.5,269.0,282.0,279.875,284
V96,0.5028263051180699,0.0060486751670207894,0.3724552981563803,0.541696700416909,302,379.0,114.0,302.0,328.0,280.75,285
V158,0.508412673828005,0.0,0.7171179327566966,0.39713145494723073,324,169.0,378.5,227.0,350.5,281.25,286
V62,0.5051954797038524,0.0,0.08884989719798275,0.7656567864865128,43,285.0,378.5,397.0,69.0,282.375,287
V91,0.5056847709771233,0.0016103064072976458,0.49598857706292665,0.48130084123234906,360,266.0,212.0,266.0,386.0,282.5,288
V253,0.5058649351281054,0.0,0.39360329972150027,0.5304400690078505,170,259.0,378.5,299.0,196.5,283.25,289
V157,0.5053594834824995,0.0,0.41859827794716753,0.517667018027914,160,280.0,378.5,292.0,186.5,284.25,290
V66,0.502698942183628,0.005622051573896059,0.04390364995679081,0.8340415140986431,163,387.0,125.0,437.0,189.0,284.5,291
V405,0.5041754562025109,0.0,0.4827842826173888,0.487196149281782,127,337.5,378.5,271.0,153.0,285.0,292
V301,0.5031995937186393,0.007587746751910096,0.13835988012877296,0.7099327573344942,290,369.0,87.0,372.0,316.0,286.0,293
V61,0.5087813223216663,0.0,1.1506410788536963,0.28346677894135613,413,158.0,378.5,169.0,439.5,286.25,294
V95,0.5055755684610974,0.0,0.44875335076819817,0.5029585106043045,189,271.0,378.5,283.0,215.0,286.875,295
V226,0.5084104337763942,0.0,1.170615840105196,0.2793269362549283,411,170.0,378.5,164.0,437.5,287.5,296
V495,0.502214611024638,0.0014563823901383444,0.5338381595974171,0.46503191982788716,244,403.0,218.0,260.0,270.5,287.875,297
V137,0.5066161524361521,0.0,0.660650925547582,0.41636895039511174,269,238.0,378.5,240.0,295.5,288.0,298
V271,0.5045597850574477,0.007118015675154021,0.15582131732046756,0.6930500807464347,349,321.0,92.0,364.0,375.5,288.125,299
V315,0.5086922002682941,0.0,1.113513746583279,0.29137041708636663,417,160.0,378.5,175.0,443.5,289.25,300
V370,0.5079318627501178,0.0,0.95947831080792,0.3273657622722957,365,191.0,378.5,197.0,391.0,289.375,301
V382,0.5039740115612263,0.0028333495896057936,0.25049872477655555,0.6167461662084656,276,345.0,179.0,332.0,302.0,289.5,302
V125,0.5046690675753169,0.005515913070455403,0.2802528655251026,0.5965590393492378,372,313.0,126.0,322.0,398.5,289.875,303
V457,0.5011933074938046,0.021367170193665963,0.025450188839942565,0.8732568621407556,230,455.0,2.0,447.0,256.0,290.0,304
V468,0.5055495678620435,0.0,0.4391084209788335,0.5075836527365143,198,272.0,378.5,288.0,224.0,290.625,305
V419,0.5043789808917197,0.0,0.37049455860365954,0.5427624767951927,125,331.0,378.5,303.0,151.0,290.875,306
V486,0.5047996305834886,0.010217370040500828,0.30031704395614095,0.5837082044386392,463,302.0,53.0,320.0,489.5,291.125,307
V38,0.5080859463002028,0.0,1.1605430029323531,0.2814049480039203,415,185.0,378.5,165.0,441.0,292.375,308
V357,0.5043879410981629,0.0002252056746971931,0.396584109196199,0.52888744520494,267,330.0,249.0,298.0,293.0,292.5,309
V384,0.5042818586540234,0.0,0.26473616973807546,0.6069076048336314,103,334.0,378.5,329.0,129.5,292.75,310
V132,0.5041560957564463,0.0,0.24559488308730915,0.620215867899203,100,340.0,378.5,333.0,126.5,294.5,311
V322,0.5074203309644254,0.0,0.7963354950704085,0.37223422089617697,344,213.0,378.5,217.0,370.5,294.75,312
V361,0.5004724908861901,0.005626187503325664,0.004350033702772249,0.9474164610484013,69,482.0,124.0,482.0,95.0,295.75,313
V232,0.5087123607327914,0.0,1.1466987195212826,0.28429299862948054,449,159.0,378.5,171.0,475.0,295.875,314
V281,0.5006640152989125,0.012585445528582317,0.07677399360950325,0.7817292126719363,253,473.0,30.0,405.0,279.5,296.875,315
V338,0.5047657098019538,0.0,0.3368904650902766,0.5616557943380597,167,304.0,378.5,312.0,193.0,296.875,316
V305,0.5052716414586192,0.0,0.5676216349255537,0.4512410539553959,246,283.0,378.5,255.0,272.5,297.25,317
V214,0.505980297786061,0.0,0.20467284230819216,0.650994843872754,177,256.0,378.5,351.0,203.5,297.25,318
V195,0.5004072093821041,0.005376418248672632,0.002512099159556038,0.9600280910494867,61,486.0,130.0,487.0,87.0,297.5,319
V14,0.5047937104470888,0.00315867141690096,0.34491684915811466,0.5570313090712258,385,303.0,170.0,309.0,411.0,298.25,320
V35,0.5019392446801973,0.011310964124193745,0.05874625111021799,0.8084985731374881,288,418.0,42.0,421.0,314.0,298.75,321
V456,0.508124347184959,0.0,0.9582297656066215,0.32768066919799926,410,184.0,378.5,198.0,436.0,299.125,322
V332,0.5078878617363345,0.0,1.3824005532153658,0.2397486712354543,452,194.0,378.5,146.0,478.0,299.125,323
V371,0.5013110702070576,0.005463692959685851,0.026042584736519752,0.8718028846321488,151,447.0,128.0,446.0,177.5,299.625,324
V24,0.5074454515432036,0.0,1.380763128137012,0.24002717833861445,444,212.0,378.5,147.0,470.0,301.875,325
V467,0.5047250688655867,0.007681555211812796,0.2722830216537276,0.6018275202006519,466,307.0,86.0,324.0,492.0,302.25,326
V171,0.5053977243635693,0.004528118913848633,0.4307572842981659,0.5116478084814952,474,279.0,143.0,289.0,500.0,302.75,327
V463,0.5064132677616893,0.0,0.7294463222173833,0.39310364865166575,340,246.0,378.5,225.0,366.5,304.0,328
V254,0.5017280398140374,0.006953800494909457,0.21722616519646057,0.6411819288231086,326,428.0,94.0,343.0,352.0,304.25,329
V216,0.5006848157781555,0.014940284782895219,0.004998363553156842,0.9436400611394496,225,472.0,19.0,479.0,251.0,305.25,330
V410,0.5068767984414361,0.0,0.8096447238494092,0.36826865934365655,372,230.0,378.5,215.0,398.5,305.5,331
V151,0.5074956927007599,0.0003499558918000911,0.21920686208231108,0.6396653314715984,399,209.0,247.0,341.0,425.0,305.5,332
V122,0.5035614420556249,0.0014697137277035477,0.156790491337638,0.6921456916086758,263,358.0,216.0,363.0,289.5,306.625,333
V367,0.5039386507465131,0.0,0.2520878343317628,0.6156309085833241,149,347.0,378.5,331.0,175.0,307.875,334
V25,0.5041754562025109,0.008177293701908894,0.0251425644924939,0.8740187443036276,340,337.5,80.0,448.0,366.5,308.0,335
V493,0.5056194894730375,0.0,0.4796448940143014,0.4886153850196662,289,268.0,378.5,272.0,315.0,308.375,336
V228,0.5028027845761567,0.0023163332201820985,0.12576024915165085,0.7228840711452399,268,381.0,190.0,377.0,294.0,310.5,337
V73,0.5024886973395868,0.009017446334793844,0.27936815868676457,0.5971391159423699,435,393.0,70.0,323.0,461.0,311.75,338
V99,0.5076142554324452,0.0,0.8969419683666615,0.3436487931252096,436,204.0,378.5,203.0,462.0,311.875,339
V9,0.5044378622483462,0.0013313893972353164,0.30282190490422917,0.5821433162155494,355,327.0,223.0,319.0,381.5,312.625,340
V162,0.504933713672763,0.0,0.795214737973451,0.3725708746973225,333,295.0,378.5,218.0,359.5,312.75,341
V144,0.5051388383988368,0.0,0.8199903060333499,0.3652266495492887,348,287.0,378.5,214.0,374.0,313.375,342
V399,0.5054076445921314,0.0,0.07681387893774458,0.7816739592407448,175,277.0,378.5,404.0,201.0,315.125,343
V284,0.5061883025784915,0.0,0.8667075373328753,0.3519133817749307,405,253.0,378.5,208.0,431.0,317.625,344
V417,0.5062486239682962,0.0,0.9842784184457262,0.3211928388658913,424,251.0,378.5,191.0,450.5,317.75,345
V75,0.504918193315174,0.0,0.4729821698033361,0.4916503346304643,296,296.0,378.5,276.0,322.0,318.125,346
V225,0.5033730377147889,0.0007483349027099795,0.07529960783878901,0.7837826363598113,240,362.0,238.0,408.0,266.0,318.5,347
V404,0.5000712016404858,0.0027674982187544384,0.00022544823637974087,0.9880208655945707,78,498.0,180.0,496.0,104.0,319.5,348
V376,0.5075062529440679,0.0,0.7223950257961428,0.3954001309129767,442,208.0,378.5,226.0,468.0,320.125,349
V401,0.5054262050197637,0.0,0.4433510686671248,0.5055401846287462,317,276.0,378.5,284.0,343.5,320.5,350
V136,0.5050050753169354,0.0020774808384735888,0.36961949307585096,0.5432393739423445,465,291.0,197.0,304.0,491.0,320.75,351
V131,0.5016310775800275,0.0,0.20008892220309984,0.6546684643231171,94,434.0,378.5,353.0,120.0,321.375,352
V166,0.5059881379666987,0.0,0.3644767358131103,0.5460578204764245,322,255.0,378.5,305.0,348.0,321.625,353
V292,0.5027227827329142,0.002158360668997661,0.23987012062296448,0.6243214317277593,347,386.0,195.0,337.0,373.0,322.75,354
V374,0.5028331852765888,0.0033133579381094957,0.11628741770783442,0.7331108315816394,337,378.0,168.0,383.0,363.5,323.125,355
V398,0.5048369114424396,0.0,0.3516394662124189,0.553213362078452,282,301.0,378.5,307.0,308.5,323.75,356
V451,0.5043172194687366,0.0,0.0022164257990163654,0.9624521998373051,75,332.0,378.5,488.0,101.0,324.875,357
V275,0.5029619882442091,0.0,0.13150501797193612,0.7168919937590718,150,372.0,378.5,374.0,176.0,325.125,358
V330,0.5057134116370041,0.0,0.46697733579704687,0.494412708269496,355,265.0,378.5,278.0,381.5,325.75,359
V276,0.5028519057079075,0.0,0.34487759421730013,0.5570537495408427,213,376.0,378.5,310.0,239.0,325.875,360
V353,0.5038853695189136,0.0,0.31568678582590354,0.5742365262140724,235,350.0,378.5,316.0,261.0,326.375,361
V13,0.5023453340364962,0.0,0.10322327943103415,0.7480087668887904,113,399.0,378.5,391.0,139.5,327.0,362
V286,0.5035298413275442,0.002010397047651491,0.13524416770051187,0.7130710645479935,357,359.0,200.0,373.0,383.0,328.75,363
V339,0.5016320376021464,0.004551768185114158,0.06370644591964253,0.8007412288977279,302,433.0,142.0,415.0,328.0,329.5,364
V67,0.5016851588260594,0.003735429237683885,0.003426309536460444,0.9533250739944754,217,432.0,158.0,485.0,243.5,329.625,365
V183,0.502060527474553,0.010073965999339851,0.071479029883278,0.7892063940228016,420,411.0,56.0,409.0,446.5,330.625,366
V490,0.5022520518872755,0.008733188970211136,0.07912819583150765,0.778493991866242,423,401.0,73.0,401.0,449.0,331.0,367
V430,0.5064331082188134,0.0,0.5989047428569183,0.43903282470530636,429,242.0,378.5,250.0,455.5,331.5,368
V52,0.5048995528856985,0.0,0.5347276378341591,0.46466029645697987,366,297.0,378.5,259.0,392.5,331.75,369
V29,0.5010651445409302,0.00016938042151859456,0.07566165985876268,0.783276405857405,184,457.0,254.0,406.0,210.0,331.75,370
V71,0.5024704569193275,0.0,0.0975242763295193,0.7548341009103647,137,395.0,378.5,393.0,163.0,332.375,371
V68,0.5033523972392324,0.0,0.4557100821198785,0.4996669535214099,286,363.0,378.5,280.0,312.5,333.5,372
V42,0.5032410346734388,0.0,0.15701516247444613,0.6919365006192651,204,366.0,378.5,362.0,230.5,334.25,373
V223,0.5024309360087656,0.0,0.07812165604126592,0.7798707734360797,135,397.0,378.5,402.0,161.0,334.625,374
V420,0.5066350328711573,0.0,0.65888430221728,0.41699275853393863,457,237.0,378.5,241.0,483.0,334.875,375
V282,0.5002051247260737,0.01111168992144429,0.06957161609303535,0.791972404333891,370,493.0,43.0,412.0,396.0,336.0,376
V432,0.503138472310402,0.0,0.05476088597597048,0.814986458333755,142,370.0,378.5,427.0,168.5,336.0,377
V426,0.502724382769779,0.0,0.20513218919858356,0.6506294564869792,206,385.0,378.5,350.0,232.5,336.5,378
V349,0.504588265713642,0.0,0.18066117411797528,0.6708239504378002,271,316.0,378.5,357.0,297.5,337.25,379
V197,0.5055121269994061,0.0,0.4515966038255475,0.5016087880283497,389,274.0,378.5,282.0,415.0,337.375,380
V489,0.503207433899277,0.0,0.15495248576777032,0.6938636024274758,212,368.0,378.5,365.0,238.0,337.375,381
V140,0.5013582712945707,0.0,0.15254515438105298,0.696131532820413,136,446.0,378.5,368.0,162.0,338.625,382
V352,0.5039872918672046,0.0,0.02505305305727528,0.8742413304542598,158,344.0,378.5,449.0,184.0,338.875,383
V428,0.5033072761996435,0.0,0.5861577534947726,0.4439449020121474,333,365.0,378.5,253.0,359.5,339.0,384
V56,0.504976274653368,0.0,0.696520813695416,0.4039951146749846,433,293.0,378.5,232.0,459.0,340.625,385
V117,0.5001788841214903,0.0,0.0050748552058468635,0.943211174528371,1,495.0,378.5,478.0,14.0,341.375,386
V200,0.5011013053740758,0.0021719924173662086,0.1149759815773919,0.7345628933216524,306,456.0,193.0,386.0,332.5,341.875,387
V205,0.5016920389845781,0.0,0.21894952628567885,0.6398618974217097,192,431.0,378.5,342.0,218.5,342.5,388
V364,0.5013097901775657,0.0011788019030301022,0.014851430853903924,0.9030096884034992,210,448.0,227.0,460.0,236.0,342.75,389
V470,0.5017683607430315,0.0029463271675831404,0.047553780111091785,0.827384804523435,311,426.0,176.0,434.0,337.0,343.25,390
V350,0.5037388061420935,0.0,0.24216951249157798,0.6226651644644554,280,355.0,378.5,335.0,306.5,343.75,391
V165,0.5057582926710632,0.0,0.23958848065035954,0.6245249748235592,374,262.0,378.5,338.0,400.0,344.625,392
V270,0.5003321676531427,0.0015587648322579195,0.08435529788650338,0.7714918221799749,255,488.0,213.0,399.0,281.0,345.25,393
V448,0.5056266896389293,0.0,0.4677865043527077,0.49403895483892063,434,267.0,378.5,277.0,460.0,345.625,394
V298,0.5046730676674791,0.0,0.051488657038106275,0.8205021340310925,239,311.0,378.5,430.0,265.0,346.125,395
V252,0.5037624866876933,0.0,0.314960215511544,0.5746773903234071,310,354.0,378.5,317.0,336.0,346.375,396
V40,0.5019266843908083,0.0,0.1882821482013361,0.6643689616930668,208,419.0,378.5,355.0,234.5,346.75,397
V79,0.5024619767239438,0.0010063309767216477,0.10620467673423867,0.74452077861867,346,396.0,231.0,388.0,372.0,346.75,398
V202,0.5027327029614762,0.0008358895419133816,0.09949361180268185,0.7524513370860195,352,384.0,237.0,392.0,378.5,347.875,399
V499,0.504562825127491,0.0,0.7789818388288396,0.37749515747428325,453,319.0,378.5,220.0,479.5,349.25,400
V92,0.5044353021893625,0.0,0.23203454292997344,0.6300404224008788,329,328.0,378.5,339.0,355.5,350.25,401
V264,0.503648564062916,0.0,0.20785805178970734,0.6484712537518547,293,356.0,378.5,349.0,319.0,350.625,402
V145,0.5036263235504946,0.0,0.05901605014947448,0.8080678952924497,221,357.0,378.5,420.0,247.5,350.75,403
V139,0.502023246615602,0.0,0.021477678444699302,0.8834910425390561,133,412.0,378.5,454.0,159.0,350.875,404
V248,0.5025424585782456,0.0,0.08963292148020136,0.7646567882315238,215,389.0,378.5,395.0,241.5,351.0,405
V266,0.5019659652958404,0.0025906496871688223,0.06712915284124531,0.7955742001033032,370,416.0,184.0,413.0,396.0,352.25,406
V400,0.5044956235791672,0.0,0.5193461700046939,0.47115442426877835,417,325.0,378.5,263.0,443.5,352.5,407
V15,0.5041356152845762,0.0,0.07562165089214802,0.7833322833139496,257,341.0,378.5,407.0,283.5,352.5,408
V267,0.5042877787904233,0.0,0.33967828694978236,0.560041272861677,363,333.0,378.5,311.0,389.0,352.875,409
V76,0.5022030907592111,0.0,0.05356663447895434,0.8169788410963863,175,404.0,378.5,428.0,201.0,352.875,410
V31,0.5006918559403608,0.006594546427683534,0.10546766522993671,0.7453779346185138,424,471.0,104.0,390.0,450.5,353.875,411
V129,0.5010034631197903,0.00802279740529177,0.05725561397781242,0.8108971570796922,429,459.0,82.0,422.0,455.5,354.625,412
V473,0.5071254441702338,0.0,0.18770417684285293,0.664853016104395,441,219.0,378.5,356.0,467.0,355.125,413
V324,0.5015709161939091,0.006679811412096948,0.016847236417057005,0.8967323352254913,399,437.0,101.0,458.0,425.0,355.25,414
V481,0.5007622575624142,0.010545368236593244,0.00017638634630773027,0.9894040951302032,378,470.0,50.0,497.0,404.0,355.25,415
V263,0.5022862926761832,0.004227221726241126,0.020569169615927377,0.8859646193185987,401,400.0,146.0,456.0,427.0,357.25,416
V26,0.5005924936510537,0.0,0.00536516961013103,0.9416122441310195,70,479.0,378.5,477.0,96.0,357.625,417
V250,0.5019933259262294,0.01141325799389481,0.0015915247514273645,0.9681792927973473,458,415.0,40.0,492.0,484.5,357.875,418
V193,0.5000889620496857,0.0,0.001638668263663946,0.9677116956737554,44,497.0,378.5,491.0,70.5,359.25,419
V386,0.5015625960022119,0.00391345494606532,0.1168747931558251,0.7324634350254482,437,439.0,155.0,382.0,463.0,359.75,420
V20,0.5025307783091323,0.0,0.10548185225436098,0.745361403680589,257,391.0,378.5,389.0,283.5,360.5,421
V170,0.500258725961046,0.011942188119795638,0.0007906952156352015,0.9775681210499465,394,491.0,37.0,495.0,420.5,360.875,422
V423,0.5029011868433448,0.0,0.11587151027072438,0.7335703431341264,284,374.0,378.5,385.0,310.5,362.0,423
V268,0.5044713030188215,0.0,0.4203047092208964,0.5168148221357549,427,326.0,378.5,291.0,453.5,362.25,424
V133,0.5008709000655375,0.003417510836855042,0.008532694536354194,0.9264057220962267,329,464.0,165.0,468.0,355.5,363.125,425
V484,0.50122970833248,0.004051219363450542,0.052618587608167566,0.8185772004791185,394,452.0,152.0,429.0,420.5,363.375,426
V438,0.5038080877383415,0.0,0.20888904854007054,0.6476594166873103,349,352.0,378.5,348.0,375.5,363.5,427
V181,0.5046085861818257,0.0,0.0568824951005434,0.8115026945635316,313,314.0,378.5,423.0,339.0,363.625,428
V33,0.5017043592684376,0.0,0.050763875746431895,0.8217485758415335,192,430.0,378.5,431.0,218.5,364.5,429
V452,0.5048900326663526,0.0,0.35730844932525624,0.5500319489930741,451,298.0,378.5,306.0,477.0,364.875,430
V217,0.501567556116493,0.0,0.38759463718478404,0.5335948824140156,317,438.0,378.5,300.0,343.5,365.0,431
V447,0.5024770170704733,0.0,0.2706979930717107,0.6028869814215401,335,394.0,378.5,326.0,361.5,365.0,432
V409,0.5028539857558318,0.0036313049959122434,0.017123274542121963,0.8958945437020379,445,375.0,161.0,457.0,471.5,366.125,433
V80,0.5013670714973273,0.003556453830565909,0.031067980282133548,0.8600959514680769,387,445.0,164.0,442.0,413.5,366.125,434
V206,0.502192850523276,0.0,0.07063303482196755,0.7904282643347731,244,405.0,378.5,411.0,270.5,366.25,435
V319,0.5012294683269503,0.0,0.029946627735378598,0.8626183949048641,165,453.0,378.5,444.0,191.0,366.625,436
V47,0.5009493018719151,0.005091559455934647,0.08476589081383318,0.7709518759494132,448,461.0,134.0,398.0,474.0,366.75,437
V141,0.5015321953017797,0.0,0.20015723232892657,0.6546133504610845,271,441.0,378.5,352.0,297.5,367.25,438
V147,0.5026474209965798,0.001211817694428241,0.04246044291924006,0.8367529683391509,392,388.0,226.0,438.0,418.0,367.5,439
V494,0.5019029238433653,0.0,0.004961091069069798,0.9438502419742495,166,420.0,378.5,480.0,192.0,367.625,440
V336,0.5051167578901018,0.0,0.16782448283629345,0.6820700966868593,427,289.0,378.5,359.0,453.5,370.0,441
V391,0.500595533721097,0.0039977812690374925,0.0065743277172043875,0.9353798055619323,351,477.0,154.0,473.0,377.0,370.25,442
V304,0.5027711838480758,0.0,0.12319475017373155,0.7256098211195069,319,383.0,378.5,378.0,345.5,371.25,443
V184,0.5021208488643578,0.0,0.02279977778156929,0.8799850020950636,227,407.0,378.5,452.0,253.5,372.75,444
V241,0.5012510688246257,0.006593640319126903,0.023931135559481752,0.8770665084477332,461,451.0,105.0,450.0,487.0,373.25,445
V28,0.500797138366068,0.0,0.02962546742457907,0.8633497632328475,177,467.0,378.5,445.0,203.5,373.5,446
V476,0.500791218229668,0.0037310306916134017,0.009644766716774736,0.9217712483411548,378,468.0,159.0,466.0,404.0,374.25,447
V90,0.5007902582075491,0.0,0.0633015557251236,0.8013621454594448,221,469.0,378.5,416.0,247.5,377.75,448
V431,0.5004459302742336,0.0067946299752683625,0.00478933509638008,0.9448291940712152,431,484.0,95.0,481.0,457.5,379.375,449
V434,0.5029168672046205,0.0,0.11820942083642852,0.7309991525026837,360,373.0,378.5,381.0,386.0,379.625,450
V19,0.5015624359985253,0.0,0.08926275262965118,0.765128934405376,279,440.0,378.5,396.0,305.0,379.875,451
V85,0.502177330165687,0.0,0.15289991318261548,0.6957960265532867,344,406.0,378.5,367.0,370.5,380.5,452
V418,0.5001411232514796,0.0009930151897432626,0.039185889455576946,0.843088900398552,328,496.0,233.0,439.0,354.0,380.5,453
V50,0.5025017376400351,0.0,0.14454668015676464,0.703818346748245,363,392.0,378.5,369.0,389.0,382.125,454
V222,0.5018109217236365,0.0,0.056011573308307014,0.8129243376937131,277,424.0,378.5,424.0,303.5,382.5,455
V148,0.5034080785221291,0.0,0.1780595221300768,0.6730643364626802,406,361.0,378.5,358.0,432.5,382.5,456
V112,0.5023706146189608,0.0002957591012737737,0.07786770513188279,0.7802196454950392,456,398.0,248.0,403.0,482.0,382.75,457
V143,0.5025358984270998,0.0,0.03917597501010831,0.8431084937933302,302,390.0,378.5,440.0,328.0,384.125,458
V41,0.5047253888729596,0.0,0.08331275450935928,0.7728692432378735,426,306.0,378.5,400.0,452.0,384.125,459
V86,0.503926010455281,0.0,0.21564575754119975,0.6423980776862637,445,348.0,378.5,344.0,471.5,385.5,460
V111,0.5017942813402421,0.0016166632900092015,0.04928955919636507,0.8243132074346922,455,425.0,211.0,432.0,481.0,387.25,461
V245,0.501417792665943,0.0,0.0010500580171032674,0.9741506891006535,208,444.0,378.5,494.0,234.5,387.75,462
V269,0.5028079046941242,0.0,0.15291349783717062,0.6957831880536963,403,380.0,378.5,366.0,429.0,388.375,463
V379,0.5021078885657525,0.0019240771102790877,0.00014469128115396024,0.9904031425479921,422,409.0,201.0,498.0,448.0,389.0,464
V164,0.5020008460994941,0.0013521209412328261,0.044903392954994244,0.8321904088736645,467,413.0,220.0,435.0,493.5,390.375,465
V235,0.5012569889610257,0.0,0.055362221128541236,0.8139919152687503,286,450.0,378.5,426.0,312.5,391.75,466
V368,0.5027779840047515,0.0,0.11619442049333144,0.7332134989956567,396,382.0,378.5,384.0,422.5,391.75,467
V297,0.5008753801687591,0.002855385875473182,0.013476209010965594,0.9075881959555766,439,463.0,178.0,463.0,465.0,392.25,468
V219,0.5000236805455998,0.007061520891128437,6.085988237030919e-05,0.993775858084913,458,499.0,93.0,499.0,484.5,393.875,469
V343,0.5045754654187232,0.0,0.11381939417877088,0.7358511839459004,467,317.0,378.5,387.0,493.5,394.0,470
V296,0.5008276990701865,0.002045319808928747,0.005687427158447609,0.9398875171736772,411,466.0,198.0,475.0,437.5,394.125,471
V18,0.5018701230876359,0.0,0.12930433129053803,0.7191696170189366,376,423.0,378.5,375.0,402.0,394.625,472
V453,0.5040537733989391,0.0,0.14081991915836117,0.707483182146519,462,342.0,378.5,371.0,488.0,394.875,473
V279,0.5002571259241813,0.0017644061843697934,0.002215688003043114,0.9624584451309628,368,492.0,209.0,489.0,394.0,396.0,474
V337,0.5002619260347758,0.0,0.19243161238091852,0.6609194274211391,335,490.0,378.5,354.0,361.5,396.0,475
V498,0.5038965697769676,0.0,0.021950141340429455,0.8822257891623,380,349.0,378.5,453.0,406.0,396.625,476
V45,0.504025372744588,0.0,0.00840493774565389,0.9269571957174324,370,343.0,378.5,469.0,396.0,396.625,477
V303,0.5046913080877383,0.0,0.01123251431768815,0.9155996517255303,409,308.0,378.5,465.0,435.0,396.625,478
V442,0.5016067570196817,0.0,0.044807929501937904,0.8323662314847801,323,435.0,378.5,436.0,349.0,399.625,479
V383,0.5037991275318983,0.0,0.12618923342284327,0.7224313529502768,472,353.0,378.5,376.0,498.0,401.375,480
V83,0.502065807596207,0.0,0.12140164172509359,0.7275339153599258,420,410.0,378.5,379.0,446.5,403.5,481
V44,0.5028338252913347,0.0,0.12063013235810466,0.7283666866505569,473,377.0,378.5,380.0,499.0,408.625,482
V458,0.5006411347717452,0.0,0.006000153852126621,0.9382601865803543,294,476.0,378.5,474.0,320.0,412.125,483
V233,0.500652975044545,0.0,0.0040068001126733355,0.9495307124101003,291,474.0,378.5,484.0,317.0,413.375,484
V81,0.5017056392979294,0.0,0.05558678942335845,0.8136219663037989,399,429.0,378.5,425.0,425.0,414.375,485
V51,0.5005908936141888,0.0,0.061633657630797055,0.8039424633596384,366,480.0,378.5,417.0,392.5,417.0,486
V497,0.5006494549634424,0.0,0.008749528362493273,0.9254791858775464,324,475.0,378.5,467.0,350.5,417.75,487
V316,0.5005939336842321,0.0,0.005414467530085998,0.9413450909275412,331,478.0,378.5,476.0,357.0,422.375,488
V218,0.5012257882421611,0.0,0.020771886011298778,0.8854079294454898,378,454.0,378.5,455.0,404.0,422.875,489
V251,0.5008997007291047,0.0,0.01615007068510166,0.8988798753198639,382,462.0,378.5,459.0,408.0,426.875,490
V318,0.5002929667499539,0.0,0.07089097216865052,0.790054899028704,406,489.0,378.5,410.0,432.5,427.5,491
V396,0.5017586005181559,0.0,0.0476792126021176,0.8271608922197151,447,427.0,378.5,433.0,473.0,427.875,492
V459,0.5000228805271674,0.0,2.1642725876651908e-05,0.996288300993982,313,500.0,378.5,500.0,339.0,429.375,493
V475,0.5008406593687919,0.0,0.0077984941448896545,0.9296345579574681,390,465.0,378.5,472.0,416.0,432.875,494
V487,0.5004003292235852,0.0,0.0030968979634178675,0.9556230319440842,360,487.0,378.5,486.0,386.0,434.375,495
V177,0.5019646852663485,0.0,0.014248298731333086,0.9049900057190366,469,417.0,378.5,461.0,495.0,437.875,496
V392,0.5005211320068814,0.0,0.004008155863313401,0.9495221860788172,392,481.0,378.5,483.0,418.0,440.125,497
V479,0.5004208096954554,0.0,0.0014114410293668345,0.9700327057191661,416,485.0,378.5,493.0,442.0,449.625,498
V408,0.500185764280009,0.0,0.03075954056494539,0.8607850319351564,471,494.0,378.5,443.0,497.0,453.125,499
V116,0.5004486503369038,0.0,0.0016700114006720282,0.9674045361325672,470,483.0,378.5,490.0,496.0,461.875,500
