variable,auc,mutual_info,mw_effect,mw_pvalue,boruta,rank_auc,rank_mutual_info,rank_boruta,rank_mw_pvalue,mean_rank,overall_rank
V11,0.5572462789542671,0.029784699557745098,0.1144925579085343,2.37592090069517e-12,1,5.0,1.0,14.0,5.0,5.000000000000594,1
V176,0.5540393250660495,0.01804106678523154,0.10807865013209894,3.6482886996948956e-11,1,8.0,7.0,14.0,8.0,7.250000000009121,2
V255,0.5499509108689864,0.01725759202129895,0.0999018217379728,9.5335399326272e-10,1,12.0,8.0,14.0,12.0,8.500000000238337,3
V313,0.5427174642103755,0.01898658541896392,0.08543492842075073,1.6839845733172466e-07,1,16.0,4.0,14.0,16.0,8.500000042099614,4
V191,0.5457413738812542,0.01657696161169775,0.09148274776250842,2.124721185221723e-08,1,14.0,11.0,14.0,14.0,9.750000005311803,5
V265,0.5527733758985807,0.01591133056116445,0.10554675179716133,1.0287048352371259e-10,1,10.0,16.0,14.0,10.0,10.000000000025718,6
V224,0.5622804749421426,0.011722337718779618,0.12456094988428523,2.4043110794655467e-14,1,1.0,38.0,14.0,1.0,13.250000000000005,7
V5,0.5252018606508694,0.017163218695425364,0.05040372130173876,0.0020270459639825426,4,20.0,9.0,30.0,20.0,14.750506761490996,8
V443,0.534489754643947,0.016296892027559684,0.06897950928789398,2.403836516955209e-05,2,18.0,14.0,28.0,18.0,15.000006009591292,9
V161,0.5616598206422676,0.010237717109210065,0.12331964128453521,4.322179671569792e-14,1,2.0,51.0,14.0,2.0,16.75000000000001,10
V60,0.5446037476703464,0.011442211936067315,0.08920749534069272,4.7023804527170994e-08,1,15.0,39.0,14.0,15.0,17.00000001175595,11
V464,0.5245376853482704,0.01249429004663738,0.04907537069654089,0.0026566352129956477,7,21.0,32.0,33.0,21.0,21.500664158803247,12
V309,0.5534506715034715,0.009498299646727437,0.10690134300694298,5.925158343429652e-11,1,9.0,64.0,14.0,9.0,21.75000000001481,13
V377,0.5158683656071436,0.013432288735255371,0.031736731214287106,0.05198556884463604,3,40.0,23.0,29.0,40.0,23.012996392211157,14
V345,0.5479126239068548,0.009262446186979911,0.0958252478137096,4.426291795270441e-09,1,13.0,68.0,14.0,13.0,23.750000001106574,15
V390,0.5552067119626436,0.008510963031375551,0.11041342392528719,1.3736471788067971e-11,1,7.0,76.0,14.0,7.0,24.250000000003435,16
V199,0.5517458322239744,0.008195099906711967,0.10349166444794888,2.3452895861735224e-10,1,11.0,79.0,14.0,11.0,26.000000000058634,17
V175,0.5583612646435374,0.006394420051091032,0.11672252928707483,8.871493291303503e-13,1,3.5,109.5,14.0,3.5,31.75000000000022,18
V32,0.5583612646435374,0.006394420051091032,0.11672252928707483,8.871493291303503e-13,1,3.5,109.5,14.0,3.5,31.75000000000022,19
V46,0.5288441845700125,0.006763158124462487,0.05768836914002495,0.0004119885032685348,1,19.0,96.0,14.0,19.0,32.25010299712582,20
V394,0.5155889991705409,0.010213451134946983,0.031177998341081814,0.05625670103459349,24,43.0,54.0,50.0,43.0,36.76406417525865,21
V256,0.5160426096217258,0.009380210074322104,0.03208521924345131,0.0494615595223424,20,39.0,65.0,46.0,39.0,37.512365389880586,22
V477,0.5135686326212956,0.01252863760224665,0.02713726524259119,0.09658778225241141,37,64.0,31.0,63.0,64.0,39.5241469455631,23
V221,0.5143225699920126,0.011333852069581818,0.028645139984025292,0.07943842043292282,54,56.0,41.0,80.5,56.0,44.39485960510823,24
V416,0.5085222763532471,0.018163217106782037,0.01704455270649441,0.2966496454391987,1,166.5,5.5,14.0,166.5,46.5741624113598,25
V160,0.5085222763532471,0.018163217106782037,0.01704455270649441,0.2966496454391987,1,166.5,5.5,14.0,166.5,46.5741624113598,26
V356,0.5121754805230713,0.010772585015342617,0.02435096104614254,0.1359563859343514,32,85.0,48.0,58.0,85.0,47.78398909648359,27
V212,0.5177000878100231,0.00612069211206423,0.03540017562004627,0.030191611984307216,21,32.0,113.0,47.5,32.0,48.13254790299608,28
V55,0.5177132081123149,0.0042356009905955005,0.03542641622462983,0.03006946255880668,8,31.0,145.0,34.0,31.0,52.5075173656397,29
V94,0.5127337333852171,0.015342095382856247,0.025467466770434433,0.11890562289383456,87,79.0,18.0,113.0,79.0,52.52972640572346,30
V306,0.5113095405718148,0.01557867431390103,0.022619081143629538,0.1660598874790047,74,94.0,17.0,100.0,94.0,52.79151497186975,31
V6,0.5217641814467405,0.005705650127904471,0.043528362893481054,0.00769288797210512,49,23.0,121.0,75.5,23.0,54.876923221993025,32
V262,0.5091218101665063,0.00951195830366558,0.018243620333012522,0.26396676883933545,1,146.0,63.0,14.0,146.0,55.815991692209835,33
V366,0.5105727235955517,0.008688324614580578,0.021145447191103228,0.19540837824544022,16,107.0,74.0,42.5,107.0,55.92385209456136,34
V329,0.5553539153542097,0.0018477696936638477,0.1107078307084195,1.2127338990571483e-11,1,6.0,204.0,14.0,6.0,56.000000000003034,35
V380,0.5074508916685441,0.017061158075342142,0.014901783337088137,0.36153588670421777,1,211.0,10.0,14.0,211.0,58.840383971676054,36
V34,0.5134231892702807,0.013453222216978089,0.02684637854056149,0.1002144406973521,124,66.0,22.0,150.0,66.0,59.52505361017434,37
V3,0.5215772171390829,0.003617304829412138,0.04315443427816579,0.00823295375436646,27,25.0,162.0,53.0,25.0,60.00205823843859,38
V444,0.5151016279415077,0.004013055304427526,0.030203255883015534,0.06440614978631296,14,51.0,153.0,40.0,51.0,61.01610153744658,39
V449,0.511918034591517,0.007397923675650286,0.023836069183033937,0.1444296262178428,47,87.0,90.0,73.5,87.0,62.661107406554464,40
V393,0.5217334607389355,0.0023165073958517635,0.0434669214778709,0.007779388228003513,16,24.0,189.0,42.5,24.0,63.876944847057004,41
V78,0.5172258368832818,0.0018104373040479516,0.03445167376656366,0.03490228283296471,5,34.0,207.0,31.0,34.0,68.00872557070824,42
V213,0.5162716548989288,0.0018935067896468372,0.03254330979785769,0.04630084053819037,13,38.0,202.0,39.0,38.0,69.76157521013454,43
V321,0.5140708841931718,0.00545565460914732,0.028141768386343635,0.08486462686043049,66,58.0,129.0,92.0,58.0,69.7712161567151,44
V121,0.5098019858377537,0.0060317804755782856,0.019603971675507426,0.2299998172718387,12,128.0,115.0,38.0,128.0,70.30749995431796,45
V348,0.5105984841890758,0.007958696587808678,0.021196968378151437,0.19432198239654597,72,106.0,83.0,98.0,106.0,71.79858049559914,46
V342,0.5055965289440268,0.01387707075746869,0.011193057888053692,0.49311956468523055,1,269.0,21.0,14.0,269.0,76.12327989117131,47
V446,0.509718943924468,0.009809402258127209,0.019437887848936075,0.2339717435083769,89,134.0,60.0,115.0,134.0,77.3084929358771,48
V375,0.5100525516107892,0.01197458640834248,0.020105103221578213,0.2183064750473448,131,119.0,36.0,157.5,119.0,78.17957661876184,49
V421,0.5126058904397157,0.0105810791639529,0.025211780879431434,0.12265428483115082,163,80.0,49.0,189.0,80.0,79.53066357120778,50
V435,0.5122938832510702,0.005043209407290528,0.02458776650214023,0.13219065566187724,82,82.0,136.0,108.5,82.0,81.65804766391547,51
V53,0.5088142830810822,0.01272611515737121,0.01762856616216435,0.2804074775815688,117,157.0,28.0,143.0,157.0,82.07010186939539,52
V115,0.5124735673909926,0.002017787692781825,0.024947134781985403,0.12663090679406935,23,81.0,199.0,49.0,81.0,82.28165772669851,53
V249,0.5153669140536998,0.0029432133859399467,0.030733828107399552,0.05985705558717782,84,46.0,177.0,110.0,46.0,83.26496426389679,54
V483,0.5098723874598071,0.0021707078310211347,0.019744774919614128,0.22667023339141545,1,127.0,194.0,14.0,127.0,83.80666755834785,55
V88,0.5131988641018289,0.00970598091416952,0.026397728203657822,0.10601998830539636,179,72.0,61.0,205.5,72.0,84.65150499707636,56
V127,0.5190218782640752,0.0030148168031627343,0.038043756528150396,0.01983603193071176,110,29.0,175.0,136.0,29.0,85.00495900798268,57
V328,0.5102182354281443,0.006563413990289257,0.020436470856288524,0.21081279189024593,92,116.0,107.0,118.5,116.0,85.42770319797256,58
V427,0.5163539767956253,0.0013459743384376388,0.03270795359125078,0.045207180675068966,59,37.0,221.0,85.0,37.0,85.76130179516876,59
V17,0.5106664857558318,0.015998113837225825,0.02133297151166358,0.19147547320184377,204,105.0,15.0,230.5,105.0,87.67286886830047,60
V289,0.5097016635263276,0.007311993833218899,0.01940332705265524,0.23480434528337613,103,135.0,91.0,129.5,135.0,88.93370108632084,61
V387,0.5077824193069409,0.013119331263590439,0.015564838613881582,0.34056902729759597,121,200.0,26.0,147.5,200.0,93.4601422568244,62
V320,0.5089552463288753,0.009994997757399426,0.01791049265775091,0.2727870286957582,155,151.0,57.0,181.0,151.0,97.31819675717394,63
V341,0.51160426736232,0.0017837097033479576,0.023208534724640018,0.15529692739737744,65,91.0,208.0,91.0,91.0,97.53882423184935,64
V491,0.5088381236303685,0.006733074806208661,0.0176762472607368,0.27910860215174194,113,154.0,98.0,139.5,154.0,97.94477715053793,65
V290,0.5097533447170624,0.006687711812350061,0.01950668943412448,0.232320482480887,141,130.0,100.0,167.0,130.0,99.30808012062022,66
V23,0.5121806806428819,0.007443086106958319,0.02436136128576405,0.13578927844574154,200,84.0,89.0,226.0,84.0,99.78394731961143,67
V89,0.5109701727527802,0.005877790320872878,0.021940345505560455,0.17913715714643907,156,101.0,120.0,182.0,101.0,100.79478428928661,68
V354,0.5115073051283101,0.0005809907350098342,0.023014610256620216,0.15877776834901702,42,93.0,243.0,68.0,93.0,101.03969444208725,69
V120,0.5357558638151023,0.0,0.07151172763020464,1.1939329642105667e-05,1,17.0,378.5,14.0,17.0,102.3750029848324,70
V472,0.506660313453622,0.013355819129869273,0.013320626907243893,0.4147132054823982,129,235.0,25.0,155.0,235.0,103.85367830137059,71
V190,0.5115105052020399,0.008043967745958946,0.023021010404079778,0.1586619545727458,217,92.0,81.0,243.5,92.0,104.16466548864318,72
V135,0.509438137454687,0.012150657702029832,0.018876274909373825,0.2477620920069048,219,140.0,35.0,245.0,140.0,105.06194052300172,73
V169,0.5096407021217769,0.0032627572571015673,0.019281404243553846,0.2377583287422369,92,137.0,169.0,118.5,137.0,106.18443958218556,74
V105,0.5085581171790198,0.005662702324074509,0.01711623435803955,0.2946228781059198,119,164.0,122.0,145.0,164.0,107.82365571952649,75
V97,0.507409610717431,0.008990540533291957,0.014819221434861918,0.36420213716896643,120,215.0,71.0,146.0,215.0,108.09105053429224,76
V106,0.5088538039916439,0.008374486157715966,0.017707607983287965,0.27825654230821795,181,152.0,77.0,207.0,152.0,109.06956413557705,77
V469,0.5229683691912261,0.0,0.04593673838245238,0.004912355524716359,10,22.0,378.5,36.5,22.0,109.25122808888118,78
V134,0.5133844683781514,0.004211709644583506,0.026768936756302875,0.10119803305763996,196,68.0,147.0,222.0,68.0,109.27529950826441,79
V311,0.5064374283183484,0.003416017643385061,0.012874856636696963,0.4305020551862876,6,241.0,166.0,32.0,241.0,109.85762551379658,80
V363,0.5095171792758104,0.002606747878623139,0.019034358551621056,0.24382407138358786,97,138.0,183.0,123.5,138.0,111.1859560178459,81
V146,0.5206070347860814,0.0,0.041214069572163003,0.011617501827042801,18,26.0,378.5,44.0,26.0,112.12790437545677,82
V2,0.5132175845331477,0.002295466092813392,0.026435169066295394,0.10552552220570567,163,71.0,191.0,189.0,71.0,112.77638138055143,83
V207,0.5135710326765929,0.00017784757098437964,0.02714206535318575,0.09652882887349311,116,63.0,253.0,142.0,63.0,114.52413220721837,84
V48,0.5078446607409834,0.004790476135230648,0.01568932148196689,0.3367213030746401,99,196.0,137.0,125.0,196.0,114.58418032576866,85
V436,0.5075172931984353,0.006654415672645131,0.015034586396870608,0.3572728973733117,123,207.0,103.0,149.0,207.0,114.83931822434333,86
V43,0.5167803066182645,0.0011217331788406781,0.033560613236528924,0.03988573844089607,173,35.0,229.0,199.0,35.0,115.75997143461022,87
V142,0.5147923408155324,0.0,0.029584681631064758,0.07006621953646958,9,53.0,378.5,35.0,53.0,116.64251655488411,88
V340,0.5078742614229832,0.0021114640597139633,0.015748522845966395,0.33490125701930795,49,195.0,196.0,75.5,195.0,116.70872531425482,89
V156,0.5058590149917054,0.004638558167577411,0.011718029983410871,0.47306573308089206,44,260.0,140.0,70.5,260.0,117.74326643327022,90
V229,0.5174615223134741,0.0,0.034923044626948174,0.03248814222702917,34,33.0,378.5,60.0,33.0,117.88312203555675,91
V346,0.5105216824195629,0.007861529979906745,0.021043364839125944,0.19757406654401277,253,108.0,84.0,279.5,108.0,117.924393516636,92
V414,0.5103175177156082,0.004184113103697262,0.020635035431216364,0.20641249499176473,184,113.0,149.0,210.0,113.0,118.05160312374794,93
V237,0.515497317058185,0.0,0.030994634116370046,0.05772054596449944,26,44.0,378.5,52.0,44.0,118.63943013649113,94
V124,0.5049780346939193,0.0062529894225968885,0.009956069387838662,0.5421173603830685,51,292.0,111.0,77.0,292.0,120.13552934009577,95
V70,0.5183789834517787,0.0035816099687173697,0.03675796690355748,0.024404190999248947,262,30.0,163.0,288.0,30.0,120.25610104774981,96
V385,0.5137806375058882,0.0,0.027561275011776187,0.09149028340453819,15,62.0,378.5,41.0,62.0,120.39787257085113,97
V307,0.5157906038155119,0.0056337841962785795,0.03158120763102379,0.053146276533847486,292,42.0,123.0,318.0,42.0,120.76328656913347,98
V454,0.5153974747578185,0.0,0.030794949515636882,0.059350556354483254,34,45.0,378.5,60.0,45.0,120.88983763908863,99
V210,0.5192962845863969,0.0,0.038592569172793745,0.018125760011989938,53,27.0,378.5,79.0,27.0,121.12953144000299,100
V283,0.5190817196428206,0.0,0.03816343928564114,0.019451498233169082,52,28.0,378.5,78.0,28.0,121.1298628745583,101
V344,0.5081721882872181,0.010955924617776613,0.016344376574436326,0.31693658179477224,236,181.0,46.0,262.0,181.0,122.3292341454487,102
V82,0.5134073489053188,0.0,0.02681469781063761,0.1006158942040778,19,67.0,378.5,45.0,67.0,122.65015397355101,103
V185,0.5151345887009237,0.0,0.030269177401847314,0.06382586294777427,38,50.0,378.5,64.0,50.0,123.14095646573695,104
V465,0.5048698722018555,0.005230559014168135,0.00973974440371106,0.5509290152888785,39,299.0,132.0,65.0,299.0,124.13773225382222,105
V37,0.5077648189014276,0.0006210836778428597,0.015529637802854879,0.34166216144326333,28,201.0,242.0,54.0,201.0,124.33541554036081,106
V198,0.5070120015565158,0.0030898960975316303,0.014024003113031758,0.39050851402930564,80,223.0,172.0,106.0,223.0,125.34762712850733,107
V402,0.5086213186351813,0.0011247563819876127,0.017242637270362682,0.29107155158150533,85,162.0,228.0,111.5,162.0,125.44776788789538,108
V168,0.514275208900813,0.0,0.02855041780162626,0.08043737465907592,40,57.0,378.5,66.5,57.0,125.52010934366477,109
V291,0.5145708957134373,0.0,0.029141791426874564,0.07436453784047539,47,55.0,378.5,73.5,55.0,126.76859113446012,110
V347,0.5051874795195281,0.005186536072026016,0.010374959039056275,0.5252568671239718,64,286.0,133.0,90.0,286.0,127.38131421678099,111
V299,0.5072465669609028,0.01083903921903362,0.014493133921805512,0.37485249128534026,220,218.0,47.0,246.0,218.0,127.84371312282134,112
V27,0.5131587031765212,0.0,0.026317406353042472,0.10708696450795693,34,73.0,378.5,60.0,73.0,127.90177174112699,113
V72,0.5120586778319373,0.0,0.024117355663874518,0.13975186050084307,31,86.0,378.5,57.0,86.0,130.4099379651252,114
V215,0.5013094701701928,0.009959112837092166,0.002618940340385456,0.8725984385482426,1,449.0,58.0,14.0,449.0,130.46814960963707,115
V288,0.5075485739191431,0.00954163804951147,0.015097147838286196,0.3552756833775561,231,206.0,62.0,257.0,206.0,131.3388189208444,116
V179,0.5158181244495874,0.002497655129267251,0.0316362488991746,0.05273303984189748,273,41.0,185.0,299.5,41.0,131.38818325996047,117
V358,0.5147148990312737,0.0,0.029429798062547308,0.07154560068119774,71,54.0,378.5,97.0,54.0,132.3928864001703,118
V69,0.5046754677227763,0.004712318549781935,0.009350935445552766,0.5669415244446036,60,310.0,139.0,86.0,310.0,133.89173538111115,119
V460,0.51286333637127,0.0,0.025726672742540035,0.11519762918743283,54,77.0,378.5,80.5,77.0,134.02879940729684,120
V220,0.5167759865187294,0.0,0.033551973037458716,0.03993687259489783,97,36.0,378.5,123.5,36.0,134.50998421814873,121
V211,0.5132420650971798,0.0,0.02648413019435969,0.10488167545852128,68,70.0,378.5,94.0,70.0,135.65122041886463,122
V295,0.5104874416306552,0.001002283319274655,0.020974883261310362,0.1990367219340553,182,110.0,232.0,208.0,110.0,137.54975918048353,123
V278,0.5140024026153562,0.0,0.02800480523071247,0.08639183211583058,88,59.0,378.5,114.0,59.0,137.89659795802896,124
V482,0.5153446735412783,0.0,0.030689347082556884,0.060227909238968265,100,47.0,378.5,126.5,47.0,138.01505697730974,125
V54,0.5067185547955024,7.088607725469487e-06,0.01343710959100497,0.41064460036044115,40,233.0,256.0,66.5,233.0,138.9776611500901,126
V113,0.5134398296536753,0.0,0.02687965930735048,0.09979408824917868,95,65.0,378.5,121.0,65.0,141.1499485220623,127
V84,0.5149195437462879,0.0,0.0298390874925758,0.06769079043480943,109,52.0,378.5,135.0,52.0,141.39192269760872,128
V314,0.5078126600036864,0.004519942881934247,0.015625320007373045,0.3386960624730372,199,197.0,144.0,225.0,197.0,141.58467401561825,129
V201,0.5046698675937493,0.0026991741528992197,0.009339735187498754,0.5674060759081634,56,312.0,181.0,82.0,312.0,143.89185151897703,130
V272,0.513872319618244,0.0,0.027744639236487956,0.08935389849870497,111,60.0,378.5,137.0,60.0,143.8973384746247,131
V445,0.5110959356503574,0.0,0.02219187130071476,0.1742044272102916,76,97.0,378.5,102.0,97.0,144.41855110680257,132
V87,0.5085445168656686,0.012828947475770791,0.01708903373133719,0.295390868595255,363,165.0,27.0,389.0,165.0,145.32384771714882,133
V234,0.5097335042599381,0.0,0.01946700851987626,0.23327182531132218,46,132.0,378.5,72.0,132.0,145.6833179563278,134
V381,0.5045709053136583,0.010120472446109252,0.009141810627316893,0.575645291363045,184,318.0,55.0,210.0,318.0,145.89391132284078,135
V317,0.5116351480738117,0.0,0.023270296147623215,0.15420059466459432,90,90.0,378.5,116.0,90.0,146.16355014866616,136
V397,0.5101795945378582,0.0,0.02035918907571621,0.21254361336266192,63,117.0,378.5,89.0,117.0,146.17813590334066,137
V231,0.5066932742130379,0.004775411939020868,0.013386548426075784,0.41240772327036923,188,234.0,138.0,214.0,234.0,146.6031019308176,138
V16,0.5153113927744896,0.0,0.030622785548979126,0.06078641208800153,134,48.0,378.5,160.0,48.0,146.640196603022,139
V492,0.5102447160382575,0.002373126749150689,0.02048943207651499,0.20963256171809774,259,115.0,187.0,285.0,115.0,146.80240814042952,140
V439,0.5105021619698118,0.0,0.021004323939623593,0.19840694994000252,81,109.0,378.5,107.0,109.0,148.674601737485,141
V4,0.5064139077764351,0.0002106532010268669,0.01282781555287038,0.43218832454836986,73,245.0,251.0,99.0,245.0,148.8580470811371,142
V455,0.5038493686894546,0.004061604716831146,0.007698737378909248,0.6373573381853609,67,351.0,151.0,93.0,351.0,148.90933933454636,143
V130,0.5094266171892601,0.0015096122685742674,0.018853234378520156,0.24833975077906645,214,141.0,215.0,240.0,141.0,149.06208493769475,144
V326,0.5152384310934524,0.0,0.030476862186904707,0.06202584694128412,144,49.0,378.5,170.0,49.0,149.39050646173533,145
V312,0.5088144430847688,0.0026165978205627827,0.017628886169537394,0.2803987466338881,234,156.0,182.0,260.0,156.0,149.57009968665847,146
V293,0.5109978533905422,0.0,0.021995706781084312,0.1780426371982925,96,99.0,378.5,122.0,99.0,149.9195106592996,147
V415,0.5133659079505192,0.0,0.026731815901038347,0.10167222575126161,127,69.0,378.5,153.0,69.0,150.15041805643781,148
V287,0.5104479207200934,0.0,0.020895841440186746,0.2007347468750631,85,111.0,378.5,111.5,111.0,150.30018368671875,149
V308,0.5043884211092223,0.0022296635001533005,0.008776842218444658,0.5909846481382992,57,329.0,192.0,83.0,329.0,151.14774616203457,150
V204,0.505587008724681,0.0034157215854699885,0.011174017449361973,0.4938553665966987,142,270.0,167.0,168.5,270.0,151.49846384164917,151
V65,0.5092955741700289,0.001621226096483852,0.018591148340057706,0.2549769783742981,229,142.0,210.0,255.0,142.0,151.81374424459358,152
V240,0.5064324682040674,0.00038511917622829905,0.012864936408134797,0.43085734495747774,105,243.0,244.0,131.0,243.0,154.60771433623938,153
V12,0.5090506085260205,0.0014619065967540479,0.01810121705204093,0.26771283133256785,227,148.0,217.0,253.5,148.0,154.69192820783314,154
V21,0.5047653897945809,0.014855362801711625,0.009530779589161709,0.5595072308126576,269,305.0,20.0,295.5,305.0,155.26487680770316,155
V227,0.501604516968071,0.0030367120752250454,0.003209033936141914,0.844226282613971,1,436.0,174.0,14.0,436.0,156.21105657065348,156
V172,0.5018883635078952,0.012393314315282344,0.0037767270157904598,0.8171201500303791,146,421.0,33.0,172.5,421.0,156.8292800375076,157
V351,0.5127538938497143,0.0,0.02550778769942852,0.11832275564881083,146,78.0,378.5,172.5,78.0,157.2795806889122,158
V236,0.504525864275913,0.012153959734833464,0.0090517285518259,0.5794138545671224,248,322.0,34.0,274.0,322.0,157.64485346364177,159
V407,0.5102659965285601,0.009931114116960016,0.020531993057119946,0.20868757190400755,431,114.0,59.0,457.5,114.0,157.677171892976,160
V155,0.5077908995023245,0.0,0.015581799004649177,0.34004313613129056,30,199.0,378.5,56.0,199.0,158.46001078403282,161
V243,0.5088272433796875,0.0,0.017654486759374977,0.27970086907482206,77,155.0,378.5,103.0,155.0,159.19492521726872,162
V310,0.5021106086284228,0.006734671014138938,0.004221217256845655,0.7960466019808486,107,408.0,97.0,133.0,408.0,159.6990116504952,163
V466,0.5078945818911668,0.006430713222704609,0.015789163782333526,0.33365549622306856,313,192.0,108.0,339.0,192.0,159.83341387405576,164
V388,0.5057911734286358,0.005999929500922319,0.011582346857271553,0.4782053936904539,237,261.0,117.0,263.5,261.0,160.49455134842262,165
V49,0.509911268355623,0.00035771929570627137,0.019822536711245897,0.22484620079502915,249,123.0,246.0,275.5,123.0,161.18121155019875,166
V100,0.5099048682081635,0.0,0.019809736416326995,0.22514572986590053,115,125.0,378.5,141.0,125.0,161.1812864324665,167
V412,0.5117871515759723,0.0,0.023574303151944642,0.1488897012615894,153,88.0,378.5,179.5,88.0,161.5372224253154,168
V480,0.5100829523112212,0.0,0.0201659046224425,0.21691733783182965,127,118.0,378.5,153.0,118.0,162.42922933445794,169
V355,0.507332728946075,0.0,0.014665457892149902,0.36920043542701064,29,216.0,378.5,55.0,216.0,162.46730010885676,170
V109,0.5080363451573924,0.0,0.016072690314784865,0.32504790888072077,62,188.0,378.5,88.0,188.0,163.70626197722018,171
V173,0.5122562823847461,0.0,0.024512564769492262,0.1333776713932209,170,83.0,378.5,196.5,83.0,164.5333444178483,172
V150,0.5051266781186639,0.01097628066180123,0.010253356237327704,0.530123656987973,299,288.0,45.0,325.5,288.0,164.757530914247,173
V411,0.5018821233641222,0.00926416524453888,0.0037642467282446024,0.8177138374492272,145,422.0,67.0,171.0,422.0,165.2044284593623,174
V152,0.5065297504454502,0.01637513724639339,0.013059500890900577,0.42392017930083725,386,239.0,12.0,412.0,239.0,165.8559800448252,175
V244,0.5109788129518504,0.0,0.021957625903700873,0.17879497924939813,159,100.0,378.5,185.0,100.0,165.91969874481237,176
V437,0.5069319997132734,0.0003679725363183728,0.013863999426546814,0.39593780494731645,172,225.0,245.0,198.0,225.0,167.09898445123684,177
V474,0.5107514477133553,0.0,0.02150289542671069,0.18796226906474778,160,104.0,378.5,186.5,104.0,167.2969905672662,178
V360,0.5088483638663035,0.002469805560535221,0.017696727732607,0.2785519541199992,304,153.0,186.0,330.0,153.0,167.31963798853002,179
V471,0.5052730814917976,0.020560767347286513,0.01054616298359523,0.5184439034714082,358,282.0,3.0,384.0,282.0,167.37961097586785,180
V323,0.5064564687570402,0.0,0.012912937514080403,0.4291397809922891,25,240.0,378.5,51.0,240.0,167.48228494524807,181
V280,0.5063959873635488,0.0,0.012791974727097699,0.433475665005023,21,247.0,378.5,47.5,247.0,168.35836891625127,182
V500,0.5107588878847769,0.0,0.021517775769553715,0.1876568957551531,169,103.0,378.5,195.0,103.0,169.17191422393878,183
V488,0.5042394576771049,0.008926174285549537,0.008478915354209748,0.6036439343367632,246,335.0,72.0,272.5,335.0,170.0259109835842,184
V126,0.5068942388432629,0.007444424613652911,0.013788477686525802,0.39851619068595523,340,229.0,88.0,366.5,229.0,170.9746290476715,185
V57,0.504868672174207,0.003875883404260261,0.00973734434841389,0.5510271715333364,202,300.0,156.0,228.0,300.0,171.13775679288335,186
V123,0.50460474609335,0.00018444785408622266,0.009209492186700086,0.5728214876776103,91,315.0,252.0,117.0,315.0,171.1432053719194,187
V189,0.5097328642451922,0.0,0.019465728490384415,0.23330255971561442,148,133.0,378.5,174.0,133.0,171.4333256399289,188
V77,0.5019963659962726,0.013387503274757684,0.003992731992545129,0.8068616929850523,223,414.0,24.0,249.0,414.0,171.95171542324627,189
V496,0.5074694520961762,0.004207483538114065,0.014938904192352664,0.36034110538027764,305,210.0,148.0,331.0,210.0,172.34008527634506,190
V180,0.5112213785405616,0.0,0.0224427570811232,0.169386013539789,191,96.0,378.5,217.0,96.0,172.91734650338495,191
V247,0.5078883417473938,0.016358289148670435,0.01577668349478767,0.3340377342336901,463,193.0,13.0,489.5,193.0,173.95850943355842,192
V167,0.50451370399574,0.0006516631877722112,0.009027407991480052,0.5804332811056975,106,323.0,241.0,132.0,323.0,174.14510832027642,193
V159,0.5045620251090586,0.007801172804402512,0.00912405021811713,0.5763873770977963,265,320.0,85.0,291.5,320.0,174.26909684427443,194
V239,0.5053444431359699,0.0013098505559594464,0.010688886271939646,0.5127994225207039,168,281.0,224.0,194.0,281.0,174.87819985563016,195
V93,0.5091806115212895,0.0,0.018361223042578922,0.26090048866592286,151,145.0,378.5,177.5,145.0,175.31522512216648,196
V66,0.502698942183628,0.005622051573896059,0.005397884367255745,0.7410110856617437,163,387.0,125.0,189.0,387.0,175.43525277141543,197
V361,0.5004724908861901,0.005626187503325664,0.0009449817723801157,0.9538588495451631,69,482.0,124.0,95.0,482.0,175.4884647123863,198
V195,0.5004072093821041,0.005376418248672632,0.0008144187642082912,0.9602282159967859,61,486.0,130.0,87.0,486.0,175.9900570539992,199
V259,0.5059089361418887,0.006250554446451284,0.011817872283777398,0.4693032175680726,308,257.0,112.0,334.5,257.0,175.992325804392,200
V300,0.5117586709197779,0.0,0.023517341839556005,0.14987401684697854,211,89.0,378.5,237.0,89.0,176.16246850421174,201
V118,0.5050711568394536,0.009250413963140414,0.010142313678907167,0.5345877277023597,321,290.0,69.0,347.0,290.0,176.6336469319256,202
V257,0.5045007436971348,0.006713934702806679,0.009001487394269536,0.5815206992719473,260,324.0,99.0,286.0,324.0,177.395380174818,203
V138,0.5082417898908391,0.0,0.016483579781678248,0.31283248841692923,130,176.0,378.5,156.0,176.0,177.70320812210423,204
V441,0.512990379298339,0.0,0.025980758596678033,0.11165174730149849,233,75.0,378.5,259.0,75.0,178.15291293682537,205
V457,0.5011933074938046,0.021367170193665963,0.0023866149876092813,0.8838160587000129,230,455.0,2.0,256.0,455.0,178.470954014675,206
V333,0.5082321896696499,0.0,0.016464379339300006,0.31339648008905363,131,178.0,378.5,157.5,178.0,178.57834912002227,207
V178,0.5077412983595142,0.011026768271027443,0.015482596719028408,0.34312648715767846,443,202.0,44.0,469.0,202.0,178.8357816217894,208
V327,0.5082203493968501,0.0059684759255123065,0.016440698793700248,0.3140929909580765,392,180.0,118.0,418.0,180.0,179.07852324773953,209
V103,0.5066474331568599,0.0010918259781980133,0.0132948663137199,0.4156162008518478,226,236.0,230.0,252.0,236.0,179.60390405021298,210
V413,0.5129473383066746,0.0015548773918687697,0.02589467661334921,0.11284328644693023,404,76.0,214.0,430.0,76.0,180.02821082161174,211
V58,0.5041623359002192,0.012638488470332776,0.008324671800438388,0.6102454585719412,327,339.0,29.0,353.0,339.0,180.402561364643,212
V258,0.5099583894412927,0.0,0.019916778882585473,0.22264967983133366,196,122.0,378.5,222.0,122.0,180.68066241995783,213
V372,0.5073198486493129,0.00833877252837989,0.014639697298625798,0.37004197208902867,402,217.0,78.0,428.0,217.0,180.84251049302225,214
V395,0.5081299473139862,0.0,0.016259894627972282,0.3194444851694369,138,183.0,378.5,164.0,183.0,181.45486112129237,215
V208,0.5015099547893583,0.010234445013789228,0.003019909578716673,0.8532993780311935,206,442.0,52.0,232.5,442.0,181.83832484450778,216
V74,0.5097837454174944,0.0,0.019567490834988766,0.2308681272373806,194,129.0,378.5,220.0,129.0,181.93271703180935,217
V422,0.5014489933848076,0.00462419789592583,0.0028979867696152795,0.8591589153107934,118,443.0,141.0,144.0,443.0,182.2147897288277,218
V101,0.5069800008192189,0.0018147078108476933,0.013960001638437802,0.39267478010648915,273,224.0,206.0,299.5,224.0,182.47316869502663,219
V238,0.5074190509349336,0.0,0.014838101869867115,0.3635913316767252,112,214.0,378.5,138.0,214.0,182.71589783291918,220
V242,0.5099055082229095,0.003060000006612107,0.019811016445818952,0.22511576414015688,408,124.0,173.0,434.0,124.0,182.80627894103503,221
V462,0.5097360643189219,0.0,0.019472128637843866,0.23314891640500568,196,131.0,378.5,222.0,131.0,182.93328722910127,222
V359,0.5080419452864193,0.0,0.016083890572838877,0.3247108732400982,140,187.0,378.5,166.0,187.0,182.95617771831002,223
V273,0.5063500663055277,0.0,0.012700132611055404,0.4367845781176375,79,249.0,378.5,105.0,249.0,183.23419614452942,224
V36,0.5057135716406906,0.005505761230252482,0.011427143281381169,0.48412171637834533,315,264.0,127.0,341.5,264.0,183.2460304290946,225
V62,0.5051954797038524,0.0,0.010390959407704736,0.5246182062776292,43,285.0,378.5,69.0,285.0,183.2561545515694,226
V163,0.5078006597272002,0.0012459727344344973,0.015601319454400242,0.33943850981578105,284,198.0,225.0,310.5,198.0,183.45985962745397,227
V154,0.5058682952055216,0.0009096839535560619,0.011736590411043024,0.47236503747918535,215,258.0,235.0,241.5,258.0,183.7430912593698,228
V102,0.5022443717103242,0.003755324992084086,0.004488743420648422,0.7834333077337102,153,402.0,157.0,179.5,402.0,184.82085832693343,229
V22,0.5131253424078891,0.0,0.02625068481577819,0.10797973070925625,261,74.0,378.5,287.0,74.0,184.90199493267733,230
V196,0.5049532341225141,0.0014170161887445687,0.009906468245028388,0.5441315578775296,201,294.0,219.0,227.0,294.0,185.1360328894694,231
V30,0.5138257585454769,0.0,0.027651517090953814,0.09043379329928161,275,61.0,378.5,301.0,61.0,185.14760844832483,232
V216,0.5006848157781555,0.014940284782895219,0.0013696315563109795,0.9331652708654627,225,472.0,19.0,251.0,472.0,185.73329131771635,233
V403,0.5033120763102382,0.00658435234072452,0.006624152620476442,0.6850368107097982,251,364.0,106.0,277.0,364.0,186.92125920267745,234
V334,0.500955862023061,0.0086700516336915,0.0019117240461219431,0.9068159483352588,187,460.0,75.0,213.0,460.0,187.22670398708382,235
V7,0.5042013767997214,0.0,0.00840275359944298,0.6068995993557533,10,336.0,378.5,36.5,336.0,187.90172489983894,236
V261,0.5083446722612489,0.0009332526973337973,0.016689344522497818,0.30683036372049577,319,173.0,234.0,345.5,173.0,188.20170759093014,237
V325,0.5010151433889036,0.003662519688512722,0.0020302867778072553,0.9010656314542406,108,458.0,160.0,134.0,458.0,188.22526640786356,238
V371,0.5013110702070576,0.005463692959685851,0.002622140414115126,0.8724440992588632,151,447.0,128.0,177.5,447.0,188.3431110248147,239
V110,0.5032360745591579,0.009270566007817393,0.006472149118315729,0.6918893487685742,295,367.0,66.0,321.0,367.0,188.67297233719216,240
V114,0.5082749106539415,0.0,0.01654982130788296,0.31089185111117945,175,175.0,378.5,201.0,175.0,188.70272296277778,241
V478,0.5063958273598623,0.0,0.012791654719724654,0.4334871690951807,102,248.0,378.5,128.0,248.0,188.7333717922738,242
V59,0.5030578304524136,0.006004487939858638,0.00611566090482718,0.7080587950394376,243,371.0,116.0,269.0,371.0,189.17701469875988,243
V188,0.5098728674708665,0.0,0.01974573494173315,0.2266476503113175,232,126.0,378.5,258.0,126.0,190.68166191257782,244
V373,0.5054014044483585,0.0,0.01080280889671692,0.508317053474393,82,278.0,378.5,108.5,278.0,191.37707926336859,245
V39,0.5057343721199337,0.0008777090983460578,0.011468744239867323,0.4825320146943427,241,263.0,236.0,267.5,263.0,191.7456330036736,246
V98,0.5046844279292195,0.005058591639437449,0.00936885585843894,0.5661986215046046,299,309.0,135.0,325.5,309.0,192.51654965537614,247
V429,0.5068953588690683,0.0,0.01379071773813667,0.3984395679210787,139,227.0,378.5,165.0,227.0,192.72460989198026,248
V301,0.5031995937186393,0.007587746751910096,0.00639918743727852,0.695187592072761,290,369.0,87.0,316.0,369.0,193.1737968980182,249
V35,0.5019392446801973,0.011310964124193745,0.003878489360394921,0.8122832583067751,288,418.0,42.0,314.0,418.0,193.70307081457668,250
V335,0.5081435476273373,0.0,0.016287095254674644,0.31863560280951886,190,182.0,378.5,216.0,182.0,194.20465890070238,251
V187,0.5096626226268253,0.0,0.019325245253650536,0.2366931276309161,237,136.0,378.5,263.5,136.0,194.55917328190773,252
V404,0.5000712016404858,0.0027674982187544384,0.0001424032809715925,0.9930430039047571,78,498.0,180.0,104.0,498.0,195.7482607509762,253
V281,0.5006640152989125,0.012585445528582317,0.0013280305978249363,0.9351907572164617,253,473.0,30.0,279.5,473.0,195.8587976893041,254
V25,0.5041754562025109,0.008177293701908894,0.008350912405021838,0.6091201168950703,340,337.5,80.0,366.5,337.5,196.15228002922376,255
V63,0.5039533710856697,0.0,0.007906742171339687,0.6282914064274923,36,346.0,378.5,62.0,346.0,196.78207285160687,256
V271,0.5045597850574477,0.007118015675154021,0.009119570114895392,0.5765746411486999,349,321.0,92.0,375.5,321.0,197.26914366028717,257
V194,0.5075979350564237,0.0,0.015195870112847398,0.3521384310825356,179,205.0,378.5,205.5,205.0,197.33803460777062,258
V378,0.508656199438835,0.00022333206670865913,0.01731239887767011,0.28912395720395545,354,161.0,250.0,380.0,161.0,197.822280989301,259
V425,0.5054541256630553,0.004120434671947892,0.010908251326110507,0.5041867285423707,340,275.0,150.0,366.5,275.0,198.0010466821356,260
V406,0.5068127969668421,0.0,0.013625593933684232,0.4041115144991757,157,232.0,378.5,183.0,232.0,198.4760278786248,261
V174,0.5090149277039343,0.0,0.01802985540786861,0.2696037501040939,241,149.0,378.5,267.5,149.0,198.81740093752603,262
V362,0.5083464323018002,0.0,0.01669286460360042,0.3067283516250229,224,172.0,378.5,250.0,172.0,200.20168208790625,263
V128,0.5070918433960718,0.006678552976689733,0.014183686792143657,0.38513542839577364,453,221.0,102.0,479.5,221.0,200.72128385709894,264
V365,0.5091096498863334,0.0,0.018219299772666675,0.264603972796681,252,147.0,378.5,278.0,147.0,200.94115099319916,265
V107,0.5068947188543225,7.299691510409545e-05,0.013789437708644825,0.39848335127158396,297,228.0,255.0,323.0,228.0,201.5996208378179,266
V440,0.5083542724824379,0.0031134012862750193,0.01670854496487595,0.3062742071002348,440,171.0,171.0,466.0,171.0,202.07656855177504,267
V369,0.5052604412005652,0.0,0.010520882401130471,0.5194470479529718,121,284.0,378.5,147.5,284.0,202.62986176198825,268
V277,0.507116003952731,0.0,0.014232007905462085,0.38351845304234544,186,220.0,378.5,212.0,220.0,202.7208796132606,269
V451,0.5043172194687366,0.0,0.008634438937473066,0.5970203192040071,75,332.0,378.5,101.0,332.0,203.024255079801,270
V260,0.5070611226882668,0.005269132809653687,0.014122245376533504,0.38719745762264735,438,222.0,131.0,464.0,222.0,204.34679936440565,271
V96,0.5028263051180699,0.0060486751670207894,0.005652610236139832,0.7292587913937839,302,379.0,114.0,328.0,379.0,205.43231469784843,272
V108,0.5034647198271449,0.0,0.006929439654289604,0.6713525313115916,58,360.0,378.5,84.0,360.0,205.7928381328279,273
V382,0.5039740115612263,0.0028333495896057936,0.007948023122452685,0.6264987594521925,276,345.0,179.0,302.0,345.0,206.65662468986304,274
V450,0.5064291081266513,0.001821688101798724,0.012858216253302412,0.4310981217375438,352,244.0,205.0,378.5,244.0,206.98277453043437,275
V209,0.5085869178425871,0.0,0.017173835685174277,0.2930009663312477,263,163.0,378.5,289.5,163.0,207.8232502415828,276
V67,0.5016851588260594,0.003735429237683885,0.003370317652118704,0.8365050664853487,217,432.0,158.0,243.5,432.0,208.58412626662133,277
V253,0.5058649351281054,0.0,0.01172987025621075,0.47261867157183346,170,259.0,378.5,196.5,259.0,208.61815466789295,278
V389,0.5055289273864869,0.0007323549882318758,0.011057854772974052,0.49835707502293136,298,273.0,239.0,324.0,273.0,209.12458926875573,279
V125,0.5046690675753169,0.005515913070455403,0.009338135150633864,0.5674724552821729,372,313.0,126.0,398.5,313.0,209.51686811382055,280
V119,0.508443714543183,0.0,0.0168874290863662,0.30112480439647793,265,168.0,378.5,291.5,168.0,209.57528120109913,281
V214,0.505980297786061,0.0,0.011960595572122035,0.4639536046736157,177,256.0,378.5,203.5,256.0,209.6159884011684,282
V274,0.5080558656071437,0.0,0.016111731214287106,0.323874084759013,249,186.0,378.5,275.5,186.0,210.08096852118976,283
V384,0.5042818586540234,0.0,0.008563717308046837,0.6000281945301644,103,334.0,378.5,129.5,334.0,210.65000704863255,284
V186,0.5060967804698221,0.0023470209182769874,0.012193560939644077,0.4552949037311914,375,254.0,188.0,401.0,254.0,210.8638237259328,285
V486,0.5047996305834886,0.010217370040500828,0.009599261166977291,0.5566888658001861,463,302.0,53.0,489.5,302.0,211.26417221645005,286
V157,0.5053594834824995,0.0,0.010718966964998966,0.5116138776833907,160,280.0,378.5,186.5,280.0,211.37790346942086,287
V132,0.5041560957564463,0.0,0.00831219151289253,0.6107810057257622,100,340.0,378.5,126.5,340.0,211.40269525143145,288
V461,0.5062468639277449,0.005958681447290504,0.012493727855489745,0.44427383945156573,450,252.0,119.0,476.0,252.0,211.8610684598629,289
V64,0.5079445030413501,0.0,0.015889006082700163,0.3306077556538063,256,190.0,378.5,282.0,190.0,212.70765193891344,290
V485,0.5069105592192844,0.001339150320522231,0.013821118438568814,0.39740056513579824,382,226.0,222.0,408.0,226.0,214.09935014128394,291
V433,0.5068614380875336,0.0018667876548084106,0.013722876175067178,0.4007640764394127,396,231.0,203.0,422.5,231.0,214.22519101910984,292
V399,0.5054076445921314,0.0,0.010815289184262777,0.5078272592770696,175,277.0,378.5,201.0,277.0,214.25195681481927,293
V149,0.5063087853544146,0.0,0.012617570708829184,0.43977152005707976,203,250.0,378.5,229.0,250.0,214.48494288001427,294
V419,0.5043789808917197,0.0,0.00875796178343946,0.5917832677397379,125,331.0,378.5,151.0,331.0,215.27294581693494,295
V8,0.5082414698834661,0.0,0.01648293976693227,0.31285127736374674,280,177.0,378.5,306.5,177.0,215.57821281934093,296
V294,0.5099584694431359,0.0,0.019916938886271884,0.22264596370151657,337,121.0,378.5,363.5,121.0,215.8056614909254,297
V246,0.5092750936981588,0.0,0.01855018739631764,0.25602534149402,315,143.0,378.5,341.5,143.0,215.8140063353735,298
V230,0.5090061275011777,0.0,0.01801225500235515,0.27007152555676295,308,150.0,378.5,334.5,150.0,215.8175178813892,299
V122,0.5035614420556249,0.0014697137277035477,0.007122884111249839,0.6627372227209387,263,358.0,216.0,289.5,358.0,216.04068430568023,300
V91,0.5056847709771233,0.0016103064072976458,0.011369541954246665,0.4863275222799749,360,266.0,212.0,386.0,266.0,216.12158188056998,301
V95,0.5055755684610974,0.0,0.011151136922194715,0.494740342211591,189,271.0,378.5,215.0,271.0,216.2486850855529,302
V228,0.5028027845761567,0.0023163332201820985,0.00560556915231325,0.731424438552679,268,381.0,190.0,294.0,381.0,216.43285610963818,303
V225,0.5033730377147889,0.0007483349027099795,0.006746075429577947,0.6795589910613455,240,362.0,238.0,266.0,362.0,216.66988974776532,304
V203,0.5100045505048436,0.0,0.020009101009687225,0.22051284544574357,343,120.0,378.5,369.0,120.0,216.93012821136142,305
V405,0.5041754562025109,0.0,0.008350912405021838,0.6091201168950703,127,337.5,378.5,153.0,337.5,217.40228002922376,306
V104,0.5079825839187335,0.0,0.015965167837467042,0.3282950278787138,277,189.0,378.5,303.5,189.0,217.8320737569697,307
V357,0.5043879410981629,0.0002252056746971931,0.008775882196325746,0.5910252439518621,267,330.0,249.0,293.0,330.0,218.14775631098797,308
V254,0.5017280398140374,0.006953800494909457,0.003456079628074593,0.832405696424362,326,428.0,94.0,352.0,428.0,218.7081014241061,309
V468,0.5055495678620435,0.0,0.01109913572408705,0.49675479877958684,198,272.0,378.5,224.0,272.0,218.74918869969488,310
V338,0.5047657098019538,0.0,0.009531419603907687,0.5594808589368981,167,304.0,378.5,193.0,304.0,219.01487021473423,311
V192,0.5092146123046675,0.0,0.01842922460933505,0.2591387532509577,332,144.0,378.5,358.0,144.0,220.18978468831273,312
V151,0.5074956927007599,0.0003499558918000911,0.014991385401519675,0.3586561661460552,399,209.0,247.0,425.0,209.0,220.3396640415365,313
V14,0.5047937104470888,0.00315867141690096,0.009587420894177412,0.5571756580654301,385,303.0,170.0,411.0,303.0,221.13929391451637,314
V302,0.5110421744116984,0.0,0.022084348823396938,0.17630051766150767,382,98.0,378.5,408.0,98.0,221.16907512941538,315
V10,0.508322911759887,0.0,0.01664582351977395,0.3080934606166693,306,174.0,378.5,332.5,174.0,221.32702336515416,316
V467,0.5047250688655867,0.007681555211812796,0.009450137731173314,0.5628349037372254,466,307.0,86.0,492.0,307.0,221.3907087259343,317
V153,0.5112536192833883,0.0,0.02250723856677661,0.16816390586003482,387,95.0,378.5,413.5,95.0,221.792040976465,318
V117,0.5001788841214903,0.0,0.0003577682429802831,0.9825227008033454,1,495.0,378.5,14.0,495.0,222.12063067520083,319
V1,0.507685137065558,0.0,0.015370274131115913,0.34663913010618785,282,203.0,378.5,308.5,203.0,222.58665978252654,320
V495,0.502214611024638,0.0014563823901383444,0.004429222049275983,0.7862348243279764,244,403.0,218.0,270.5,403.0,223.071558706082,321
V158,0.508412673828005,0.0,0.01682534765600996,0.30290532313256857,324,169.0,378.5,350.5,169.0,224.57572633078314,322
V367,0.5039386507465131,0.0,0.007877301493026345,0.6295712248032248,149,347.0,378.5,175.0,347.0,225.28239280620082,323
V339,0.5016320376021464,0.004551768185114158,0.003264075204292727,0.841589542321502,302,433.0,142.0,328.0,433.0,225.96039738558036,324
V285,0.508230909640158,0.0007137758712700837,0.016461819280316203,0.3134717295128321,460,179.0,240.0,486.0,179.0,226.32836793237823,325
V352,0.5039872918672046,0.0,0.00797458373440929,0.6253465155168885,158,344.0,378.5,184.0,344.0,226.78133662887922,326
V374,0.5028331852765888,0.0033133579381094957,0.0056663705531776465,0.7286257099977993,337,378.0,168.0,363.5,378.0,227.55715642749945,327
V364,0.5013097901775657,0.0011788019030301022,0.0026195803551314345,0.8725675703022163,210,448.0,227.0,236.0,448.0,227.96814189257555,328
V137,0.5066161524361521,0.0,0.013232304872304312,0.41781401837824983,269,238.0,378.5,295.5,238.0,228.10445350459457,329
V183,0.502060527474553,0.010073965999339851,0.004121054949105973,0.8007829823991098,420,411.0,56.0,446.5,411.0,228.57519574559979,330
V432,0.503138472310402,0.0,0.00627694462080397,0.7007265191849459,142,370.0,378.5,168.5,370.0,229.42518162979624,331
V13,0.5023453340364962,0.0,0.004690668072992454,0.7739503396533829,113,399.0,378.5,139.5,399.0,229.44348758491336,332
V29,0.5010651445409302,0.00016938042151859456,0.0021302890818604148,0.8962195197616856,184,457.0,254.0,210.0,457.0,230.4740548799404,333
V171,0.5053977243635693,0.004528118913848633,0.010795448727138668,0.508606022558756,474,279.0,143.0,500.0,279.0,230.6271515056397,334
V490,0.5022520518872755,0.008733188970211136,0.004504103774551016,0.7827107896407471,423,401.0,73.0,449.0,401.0,230.9456776974102,335
V73,0.5024886973395868,0.009017446334793844,0.0049773946791734636,0.760542897941861,435,393.0,70.0,461.0,393.0,231.19013572448546,336
V481,0.5007622575624142,0.010545368236593244,0.0015245151248284294,0.9256281372759131,378,470.0,50.0,404.0,470.0,231.23140703431898,337
V182,0.5108012088598521,0.0,0.02160241771970428,0.1859268431912232,419,102.0,378.5,445.0,102.0,231.42148171079782,338
V275,0.5029619882442091,0.0,0.005923976488418248,0.7168084241105991,150,372.0,378.5,176.0,372.0,231.80420210602765,339
V424,0.5095156592407889,0.0,0.019031318481577797,0.24389938552731516,384,139.0,378.5,410.0,139.0,231.93597484638184,340
V331,0.510408879820591,0.0,0.020817759641182043,0.2024225038146512,413,112.0,378.5,439.5,112.0,232.55060562595366,341
V9,0.5044378622483462,0.0013313893972353164,0.008875724496692383,0.5868101660623282,355,327.0,223.0,381.5,327.0,233.0217025415156,342
V282,0.5002051247260737,0.01111168992144429,0.00041024945214740427,0.9799594514263469,370,493.0,43.0,396.0,493.0,233.24498986285658,343
V131,0.5016310775800275,0.0,0.0032621551600549026,0.8416814919143645,94,434.0,378.5,120.0,434.0,233.3354203729786,344
V305,0.5052716414586192,0.0,0.010543282917238495,0.5185581351957267,246,283.0,378.5,272.5,283.0,233.62963953379892,345
V71,0.5024704569193275,0.0,0.0049409138386548035,0.7622448612072747,137,395.0,378.5,163.0,395.0,234.3155612153018,346
V223,0.5024309360087656,0.0,0.004861872017531299,0.7659363849799969,135,397.0,378.5,161.0,397.0,234.316484096245,347
V470,0.5017683607430315,0.0029463271675831404,0.003536721486063099,0.82855521620517,311,426.0,176.0,337.0,426.0,234.95713880405128,348
V250,0.5019933259262294,0.01141325799389481,0.0039866518524587224,0.8071500044885183,458,415.0,40.0,484.5,415.0,235.0767875011221,349
V286,0.5035298413275442,0.002010397047651491,0.007059682655088384,0.6655471496125278,357,359.0,200.0,383.0,359.0,235.66638678740313,350
V193,0.5000889620496857,0.0,0.00017792409937134046,0.9913077251058712,44,497.0,378.5,70.5,497.0,236.74782693127648,351
V170,0.500258725961046,0.011942188119795638,0.0005174519220922935,0.974724217216675,394,491.0,37.0,420.5,491.0,237.36868105430418,352
V139,0.502023246615602,0.0,0.004046493231204096,0.8043135583513965,133,412.0,378.5,159.0,412.0,237.57607838958785,353
V26,0.5005924936510537,0.0,0.0011849873021074764,0.9421584348486729,70,479.0,378.5,96.0,479.0,238.61053960871217,354
V292,0.5027227827329142,0.002158360668997661,0.005445565465828306,0.7388065241223093,347,386.0,195.0,373.0,386.0,238.68470163103058,355
V298,0.5046730676674791,0.0,0.009346135334958205,0.5671405956058784,239,311.0,378.5,265.0,311.0,238.76678514890148,356
V370,0.5079318627501178,0.0,0.015863725500235515,0.3313777507013792,365,191.0,378.5,391.0,191.0,240.20784443767533,357
V493,0.5056194894730375,0.0,0.011238978946074951,0.49134740249055864,289,268.0,378.5,315.0,268.0,240.49783685062263,358
V322,0.5074203309644254,0.0,0.014840661928850807,0.3635085599561485,344,213.0,378.5,370.5,213.0,240.59087713998903,359
V324,0.5015709161939091,0.006679811412096948,0.0031418323878181775,0.8474479237947183,399,437.0,101.0,425.0,437.0,240.96186198094867,360
V263,0.5022862926761832,0.004227221726241126,0.004572585352366487,0.7794918514388323,401,400.0,146.0,427.0,400.0,243.4448729628597,361
V42,0.5032410346734388,0.0,0.0064820693468777835,0.6914413527180855,204,366.0,378.5,230.5,366.0,243.92286033817953,362
V61,0.5087813223216663,0.0,0.01756264464333257,0.2822099907773782,413,158.0,378.5,439.5,158.0,244.07055249769434,363
V136,0.5050050753169354,0.0020774808384735888,0.010010150633870563,0.5399254814993713,465,291.0,197.0,491.0,291.0,244.88498137037485,364
V166,0.5059881379666987,0.0,0.011976275933397451,0.46336794424421635,322,255.0,378.5,348.0,255.0,245.49084198606104,365
V315,0.5086922002682941,0.0,0.017384400536588407,0.28712305246661884,417,160.0,378.5,443.5,160.0,245.57178076311666,366
V200,0.5011013053740758,0.0021719924173662086,0.0022026107481516455,0.8927172123509307,306,456.0,193.0,332.5,456.0,245.59817930308773,367
V270,0.5003321676531427,0.0015587648322579195,0.0006643353062854018,0.9675529778164156,255,488.0,213.0,281.0,488.0,245.74188824445412,368
V145,0.5036263235504946,0.0,0.0072526471009892735,0.6569828699217455,221,357.0,378.5,247.5,357.0,245.91424571748044,369
V76,0.5022030907592111,0.0,0.004406181518422203,0.7873200280265354,175,404.0,378.5,201.0,404.0,246.07183000700664,370
V489,0.503207433899277,0.0,0.006414867798554047,0.6944782696873025,212,368.0,378.5,238.0,368.0,246.29861956742184,371
V133,0.5008709000655375,0.003417510836855042,0.0017418001310750553,0.91506574167407,329,464.0,165.0,355.5,464.0,246.35376643541852,372
V226,0.5084104337763942,0.0,0.016820867552788443,0.3030340844370327,411,170.0,378.5,437.5,170.0,246.57575852110926,373
V140,0.5013582712945707,0.0,0.0027165425891412243,0.8678932991740643,136,446.0,378.5,162.0,446.0,246.8419733247935,374
V398,0.5048369114424396,0.0,0.00967382288487928,0.553628162050382,282,301.0,378.5,308.5,301.0,247.1384070405126,375
V353,0.5038853695189136,0.0,0.007770739037827434,0.6342128948182777,235,350.0,378.5,261.0,350.0,247.53355322370456,376
V494,0.5019029238433653,0.0,0.0038058476867306457,0.8157352879152213,166,420.0,378.5,192.0,420.0,247.8289338219788,377
V463,0.5064132677616893,0.0,0.012826535523378535,0.4322342628303554,340,246.0,378.5,366.5,246.0,247.85805856570758,378
V349,0.504588265713642,0.0,0.00917653142728403,0.5741958520970005,271,316.0,378.5,297.5,316.0,248.14354896302424,379
V276,0.5028519057079075,0.0,0.005703811415814997,0.7269040775397821,213,376.0,378.5,239.0,376.0,248.55672601938494,380
V426,0.502724382769779,0.0,0.005448765539557976,0.7386586435980818,206,385.0,378.5,232.5,385.0,249.18466466089953,381
V266,0.5019659652958404,0.0025906496871688223,0.003931930591680843,0.8097459826068619,370,416.0,184.0,396.0,416.0,249.2024364956517,382
V75,0.504918193315174,0.0,0.009836386630347915,0.5469837522027458,296,296.0,378.5,322.0,296.0,249.2617459380507,383
V129,0.5010034631197903,0.00802279740529177,0.002006926239580542,0.9021982214455976,429,459.0,82.0,455.5,459.0,249.3505495553614,384
V401,0.5054262050197637,0.0,0.010852410039527305,0.5063719007756519,317,276.0,378.5,343.5,276.0,249.62659297519392,385
V456,0.508124347184959,0.0,0.01624869436991827,0.31977794455122366,410,184.0,378.5,436.0,184.0,249.7049444861378,386
V79,0.5024619767239438,0.0010063309767216477,0.00492395344788743,0.763036517091849,346,396.0,231.0,372.0,396.0,249.94075912927298,387
V202,0.5027327029614762,0.0008358895419133816,0.0054654059229524155,0.7378898208171063,352,384.0,237.0,378.5,384.0,250.0594724552043,388
V15,0.5041356152845762,0.0,0.008271230569152355,0.6125401616504005,257,341.0,378.5,283.5,341.0,250.9031350404126,389
V38,0.5080859463002028,0.0,0.016171892600405524,0.3220706543277755,415,185.0,378.5,441.0,185.0,251.20551766358196,390
V410,0.5068767984414361,0.0,0.013753596882872143,0.3997104611898613,372,230.0,378.5,398.5,230.0,251.84992761529747,391
V409,0.5028539857558318,0.0036313049959122434,0.00570797151166369,0.7267128699536127,445,375.0,161.0,471.5,375.0,252.0566782174884,392
V391,0.500595533721097,0.0039977812690374925,0.0011910674421938827,0.941862175684647,351,477.0,154.0,377.0,477.0,252.23546554392115,393
V248,0.5025424585782456,0.0,0.0050849171564912865,0.7555333519519384,215,389.0,378.5,241.5,389.0,252.438883337988,394
V232,0.5087123607327914,0.0,0.017424721465582493,0.28600663805994975,449,159.0,378.5,475.0,159.0,253.19650165951498,395
V80,0.5013670714973273,0.003556453830565909,0.002734142994654576,0.8670453241797454,387,445.0,164.0,413.5,445.0,255.84176133104495,396
V319,0.5012294683269503,0.0,0.002458936653900512,0.8803214658488572,165,453.0,378.5,191.0,453.0,255.8450803664622,397
V484,0.50122970833248,0.004051219363450542,0.002459416664959968,0.8802982793553094,394,452.0,152.0,420.5,452.0,256.34507456983886,398
V330,0.5057134116370041,0.0,0.011426823274008235,0.4841339558504739,355,265.0,378.5,381.5,265.0,256.3710334889626,399
V31,0.5006918559403608,0.006594546427683534,0.0013837118807218385,0.9324798189835041,424,471.0,104.0,450.5,471.0,256.6081199547459,400
V33,0.5017043592684376,0.0,0.003408718536875077,0.8346689716591865,192,430.0,378.5,218.5,430.0,256.95866724291477,401
V205,0.5016920389845781,0.0,0.003384077969156518,0.8358470295496708,192,431.0,378.5,218.5,431.0,257.20896175738744,402
V476,0.500791218229668,0.0037310306916134017,0.0015824364593359785,0.9228111758863805,378,468.0,159.0,404.0,468.0,257.9807027939716,403
V181,0.5046085861818257,0.0,0.009217172363651271,0.5725014718444849,313,314.0,378.5,339.0,314.0,258.01812536796115,404
V147,0.5026474209965798,0.001211817694428241,0.005294841993159549,0.7457825533169762,392,388.0,226.0,418.0,388.0,258.18644563832925,405
V40,0.5019266843908083,0.0,0.003853368781616684,0.8134766128869897,208,419.0,378.5,234.5,419.0,258.20336915322173,406
V162,0.504933713672763,0.0,0.009867427345526036,0.5457195389346182,333,295.0,378.5,359.5,295.0,258.3864298847336,407
V431,0.5004459302742336,0.0067946299752683625,0.0008918605484671271,0.9564499749970456,431,484.0,95.0,457.5,484.0,259.3641124937493,408
V184,0.5021208488643578,0.0,0.004241697728715632,0.7950790591906485,227,407.0,378.5,253.5,407.0,259.9487697647977,409
V144,0.5051388383988368,0.0,0.01027767679767344,0.5291484695032331,348,287.0,378.5,374.0,287.0,260.00728711737577,410
V350,0.5037388061420935,0.0,0.007477612284186974,0.6470549615313008,280,355.0,378.5,306.5,355.0,260.16176374038287,411
V165,0.5057582926710632,0.0,0.011516585342126184,0.48070737034217903,374,262.0,378.5,400.0,262.0,260.2451768425856,412
V241,0.5012510688246257,0.006593640319126903,0.0025021376492513348,0.8782350947404769,461,451.0,105.0,487.0,451.0,260.9695587736851,413
V99,0.5076142554324452,0.0,0.01522851086489041,0.35110502462449966,436,204.0,378.5,462.0,204.0,261.21277625615613,414
V28,0.500797138366068,0.0,0.0015942767321359685,0.92223545094989,177,467.0,378.5,203.5,467.0,262.48055886273744,415
V332,0.5078878617363345,0.0,0.015775723472668757,0.3340671488495429,452,194.0,378.5,478.0,194.0,262.7085167872124,416
V20,0.5025307783091323,0.0,0.005061556618264573,0.7566208699696182,257,391.0,378.5,283.5,391.0,263.4391552174924,417
V264,0.503648564062916,0.0,0.007297128125832053,0.6550150043136858,293,356.0,378.5,319.0,356.0,263.5387537510784,418
V68,0.5033523972392324,0.0,0.006704794478464837,0.6814118100442912,286,363.0,378.5,312.5,363.0,263.67035295251105,419
V206,0.502192850523276,0.0,0.004385701046552115,0.7882850004209649,244,405.0,378.5,270.5,405.0,263.69707125010524,420
V376,0.5075062529440679,0.0,0.01501250588813563,0.3579794811735988,442,208.0,378.5,468.0,208.0,263.7144948702934,421
V386,0.5015625960022119,0.00391345494606532,0.003125192004423738,0.848246059628798,437,439.0,155.0,463.0,439.0,264.4620615149072,422
V245,0.501417792665943,0.0,0.0028355853318859925,0.8621609160016626,208,444.0,378.5,234.5,444.0,264.46554022900045,423
V379,0.5021078885657525,0.0019240771102790877,0.004215777131505116,0.7963036583155049,422,409.0,201.0,448.0,409.0,264.6990759145789,424
V24,0.5074454515432036,0.0,0.014890903086407059,0.36188655133670433,444,212.0,378.5,470.0,212.0,265.2154716378342,425
V92,0.5044353021893625,0.0,0.008870604378724889,0.587025984746346,329,328.0,378.5,355.5,328.0,265.6467564961866,426
V284,0.5061883025784915,0.0,0.0123766051569828,0.44855594869056303,405,253.0,378.5,431.0,253.0,265.73713898717267,427
V423,0.5029011868433448,0.0,0.005802373686689788,0.7223785254486069,284,374.0,378.5,310.5,374.0,265.93059463136217,428
V473,0.5071254441702338,0.0,0.014250888340467394,0.3828877858133872,441,219.0,378.5,467.0,219.0,266.22072194645335,429
V197,0.5055121269994061,0.0,0.011024253998812128,0.49966327970890045,389,274.0,378.5,415.0,274.0,266.9999158199272,430
V52,0.5048995528856985,0.0,0.009799105771396865,0.5485040250860522,366,297.0,378.5,392.5,297.0,267.1371260062715,431
V252,0.5037624866876933,0.0,0.007524973375386601,0.6449727791087272,310,354.0,378.5,336.0,354.0,267.28624319477717,432
V47,0.5009493018719151,0.005091559455934647,0.0018986037438302183,0.9074525915643985,448,461.0,134.0,474.0,461.0,267.4768631478911,433
V430,0.5064331082188134,0.0,0.012866216437626754,0.4308114915602015,429,242.0,378.5,455.5,242.0,269.10770287289006,434
V219,0.5000236805455998,0.007061520891128437,4.7361091199515926e-05,0.9976861864588099,458,499.0,93.0,484.5,499.0,269.3744215466147,435
V417,0.5062486239682962,0.0,0.012497247936592348,0.44414550436257094,424,251.0,378.5,450.5,251.0,270.1110363760906,436
V418,0.5001411232514796,0.0009930151897432626,0.0002822465029594934,0.9862115890450971,328,496.0,233.0,354.0,496.0,270.99655289726127,437
V90,0.5007902582075491,0.0,0.0015805164150981543,0.9229045405057813,221,469.0,378.5,247.5,469.0,273.9807261351265,438
V279,0.5002571259241813,0.0017644061843697934,0.0005142518483625125,0.9748804782208723,368,492.0,209.0,394.0,492.0,273.9937201195552,439
V143,0.5025358984270998,0.0,0.005071796854199562,0.7561440902642146,302,390.0,378.5,328.0,390.0,274.31403602256603,440
V420,0.5066350328711573,0.0,0.013270065742314596,0.4164866403929586,457,237.0,378.5,483.0,237.0,274.72912166009826,441
V267,0.5042877787904233,0.0,0.008575557580846604,0.5995241359356079,363,333.0,378.5,389.0,333.0,275.2748810339839,442
V296,0.5008276990701865,0.002045319808928747,0.0016553981403731877,0.9192641201073097,411,466.0,198.0,437.5,466.0,275.6048160300268,443
V428,0.5033072761996435,0.0,0.006614552399287321,0.6854688439225597,333,365.0,378.5,359.5,365.0,275.92136721098063,444
V448,0.5056266896389293,0.0,0.011253379277858522,0.4907923774186854,434,267.0,378.5,460.0,267.0,276.49769809435463,445
V438,0.5038080877383415,0.0,0.007616175476683029,0.6409710149482111,349,352.0,378.5,375.5,352.0,276.66024275373707,446
V222,0.5018109217236365,0.0,0.00362184344727301,0.8244952865604777,277,424.0,378.5,303.5,424.0,276.7061238216401,447
V297,0.5008753801687591,0.002855385875473182,0.001750760337518198,0.9146304878240615,439,463.0,178.0,465.0,463.0,276.728657621956,448
V304,0.5027711838480758,0.0,0.005542367696151684,0.7343374359684918,319,383.0,378.5,345.5,383.0,276.9335843589921,449
V111,0.5017942813402421,0.0016166632900092015,0.003588562680484131,0.8260820748848917,455,425.0,211.0,481.0,425.0,279.4565205187212,450
V141,0.5015321953017797,0.0,0.0030643906035594526,0.8511636423698282,271,441.0,378.5,297.5,441.0,279.46279091059245,451
V45,0.504025372744588,0.0,0.008050745489176059,0.6220475703677673,370,343.0,378.5,396.0,343.0,279.5305118925919,452
V336,0.5051167578901018,0.0,0.010233515780203595,0.5309198803155348,427,289.0,378.5,453.5,289.0,280.3827299700789,453
V303,0.5046913080877383,0.0,0.009382616175476644,0.5656284954382391,409,308.0,378.5,435.0,308.0,280.51640712385955,454
V19,0.5015624359985253,0.0,0.0031248719970508043,0.8482614099226167,279,440.0,378.5,305.0,440.0,281.08706535248064,455
V164,0.5020008460994941,0.0013521209412328261,0.0040016921989882714,0.8064368607131436,467,413.0,220.0,493.5,413.0,281.8266092151783,456
V112,0.5023706146189608,0.0002957591012737737,0.00474122923792164,0.77158105086985,456,398.0,248.0,482.0,398.0,282.19289526271746,457
V56,0.504976274653368,0.0,0.009952549306736058,0.5422601807465217,433,293.0,378.5,459.0,293.0,282.76056504518664,458
V498,0.5038965697769676,0.0,0.0077931395539352355,0.633235965191278,380,349.0,378.5,406.0,349.0,283.5333089912978,459
V447,0.5024770170704733,0.0,0.004954034140946639,0.7616326187230427,335,394.0,378.5,361.5,394.0,283.69040815468077,460
V41,0.5047253888729596,0.0,0.009450777745919181,0.5628084560803417,426,306.0,378.5,452.0,306.0,284.2657021140201,461
V434,0.5029168672046205,0.0,0.005833734409240843,0.7209406029166562,360,373.0,378.5,386.0,373.0,284.5552351507292,462
V235,0.5012569889610257,0.0,0.0025139779220513248,0.8776634215049058,286,450.0,378.5,312.5,450.0,285.46941585537627,463
V400,0.5044956235791672,0.0,0.008991247158334437,0.5819505589240459,417,325.0,378.5,443.5,325.0,286.895487639731,464
V452,0.5048900326663526,0.0,0.009780065332705257,0.5492812776348934,451,298.0,378.5,477.0,298.0,288.51232031940873,465
V85,0.502177330165687,0.0,0.004354660331373994,0.7897481558412363,344,406.0,378.5,370.5,406.0,288.9474370389603,466
V268,0.5044713030188215,0.0,0.008942606037643186,0.5839944169945158,427,326.0,378.5,453.5,326.0,289.64599860424863,467
V50,0.5025017376400351,0.0,0.005003475280070502,0.7593268530697708,363,392.0,378.5,389.0,392.0,290.06483171326744,468
V217,0.501567556116493,0.0,0.003135112232985904,0.8477702290961158,317,438.0,378.5,343.5,438.0,290.211942557274,469
V442,0.5016067570196817,0.0,0.00321351403936343,0.8440115985310115,323,435.0,378.5,349.0,435.0,290.8360028996327,470
V233,0.500652975044545,0.0,0.0013059500890899578,0.9362659943318938,291,474.0,378.5,317.0,474.0,292.60906649858293,471
V148,0.5034080785221291,0.0,0.006816157044258198,0.6764179403560855,406,361.0,378.5,432.5,361.0,293.169104485089,472
V458,0.5006411347717452,0.0,0.0012822695434903109,0.9374192763203996,294,476.0,378.5,320.0,476.0,293.85935481908007,473
V499,0.504562825127491,0.0,0.00912565025498191,0.576320504033659,453,319.0,378.5,479.5,319.0,294.3940801260084,474
V368,0.5027779840047515,0.0,0.005555968009502976,0.7337102638528399,396,382.0,378.5,422.5,382.0,295.9334275659632,475
V269,0.5028079046941242,0.0,0.0056158093882483495,0.7309528222129702,403,380.0,378.5,429.0,380.0,297.0577382055533,476
V343,0.5045754654187232,0.0,0.009150930837446447,0.5752643957610108,467,317.0,378.5,493.5,317.0,297.39381609894025,477
V86,0.503926010455281,0.0,0.007852020910561808,0.6306710878098614,445,348.0,378.5,471.5,348.0,299.65766777195245,478
V18,0.5018701230876359,0.0,0.0037402461752719107,0.8188558376673318,376,423.0,378.5,402.0,423.0,301.07971395941684,479
V497,0.5006494549634424,0.0,0.0012989099268847504,0.9366088480921613,324,475.0,378.5,350.5,475.0,301.23415221202305,480
V453,0.5040537733989391,0.0,0.008107546797878173,0.6195921510085636,462,342.0,378.5,488.0,342.0,302.2798980377521,481
V316,0.5005939336842321,0.0,0.0011878673684642127,0.942018100560376,331,478.0,378.5,357.0,478.0,303.6105045251401,482
V459,0.5000228805271674,0.0,4.576105433473643e-05,0.9977643556270553,313,500.0,378.5,339.0,500.0,304.6244410889068,483
V383,0.5037991275318983,0.0,0.007598255063796633,0.6417565079659344,472,353.0,378.5,498.0,353.0,307.5354391269915,484
V337,0.5002619260347758,0.0,0.0005238520695516335,0.9744116981245545,335,490.0,378.5,361.5,490.0,307.74360292453116,485
V81,0.5017056392979294,0.0,0.00341127859585888,0.834546597260492,399,429.0,378.5,425.0,429.0,308.3336366493151,486
V83,0.502065807596207,0.0,0.0041316151924140065,0.8002832707821428,420,410.0,378.5,446.5,410.0,308.9500708176955,487
V218,0.5012257882421611,0.0,0.002451576484322149,0.8806770049199855,378,454.0,378.5,404.0,454.0,309.34516925123,488
V251,0.5008997007291047,0.0,0.0017994014582095597,0.9122681312066611,382,462.0,378.5,408.0,462.0,312.3530670328017,489
V51,0.5005908936141888,0.0,0.0011817872283776953,0.9423143639414681,366,480.0,378.5,392.5,480.0,312.98557859098537,490
V487,0.5004003292235852,0.0,0.000800658447170588,0.9608996522571979,360,487.0,378.5,386.0,487.0,313.1152249130643,491
V44,0.5028338252913347,0.0,0.005667650582669381,0.7285668281061541,473,377.0,378.5,499.0,377.0,313.8071417070265,492
V475,0.5008406593687919,0.0,0.0016813187375837035,0.9180043648307767,390,465.0,378.5,416.0,465.0,315.1045010912077,493
V392,0.5005211320068814,0.0,0.0010422640137628392,0.9491149397168919,392,481.0,378.5,418.0,481.0,319.6122787349292,494
V396,0.5017586005181559,0.0,0.0035172010363118122,0.8294869027965939,447,427.0,378.5,473.0,427.0,319.83237172569915,495
V177,0.5019646852663485,0.0,0.003929370532697041,0.8098674833863677,469,417.0,378.5,495.0,417.0,322.8274668708466,496
V318,0.5002929667499539,0.0,0.0005859334999078758,0.9713804740059552,406,489.0,378.5,432.5,489.0,325.24284511850146,497
V479,0.5004208096954554,0.0,0.0008416193909107639,0.9589010417262425,416,485.0,378.5,442.0,485.0,326.61472526043156,498
V116,0.5004486503369038,0.0,0.0008973006738075551,0.9561845971593276,470,483.0,378.5,496.0,483.0,339.61404614928983,499
V408,0.500185764280009,0.0,0.0003715285600180973,0.9818506107902241,471,494.0,378.5,497.0,494.0,342.6204626526976,500
